timeOpen;timeClose;timeHigh;timeLow;name;open;high;low;close;volume;marketCap;circulatingSupply;timestamp
"2023-03-31T00:00:00.000Z";"2023-03-31T23:59:59.999Z";"2023-03-31T14:52:00.000Z";"2023-03-31T07:49:00.000Z";"2781";316.6324093211;319.6335754192;313.7864869763;317.0399960631;419430009.47;50056964245.78;157888483.68;"2023-03-31T23:59:59.999Z"
"2023-03-30T00:00:00.000Z";"2023-03-30T23:59:59.999Z";"2023-03-30T02:46:00.000Z";"2023-03-30T03:13:00.000Z";"2781";313.8626128034;317.7957265322;311.0036454243;316.5675531053;594180917.35;49982441630.69;157888706.98;"2023-03-30T23:59:59.999Z"
"2023-03-29T00:00:00.000Z";"2023-03-29T23:59:59.999Z";"2023-03-29T08:40:00.000Z";"2023-03-29T06:07:00.000Z";"2781";313.2275475936;319.532486248;312.7904179574;313.8417707077;482942200.06;49552135789.79;157888912.23;"2023-03-29T23:59:59.999Z"
"2023-03-28T00:00:00.000Z";"2023-03-28T23:59:59.999Z";"2023-03-28T19:56:00.000Z";"2023-03-28T04:25:00.000Z";"2781";310.9465731256;314.9861536952;307.3712844687;313.2606118033;478328373.93;49460441504.2;157889117.37;"2023-03-28T23:59:59.999Z"
"2023-03-27T00:00:00.000Z";"2023-03-27T23:59:59.999Z";"2023-03-27T12:19:00.000Z";"2023-03-27T20:10:00.000Z";"2781";328.9044729635;329.3304946438;306.4544328604;310.9491334746;656817419.67;49095551996.82;157889335.3;"2023-03-27T23:59:59.999Z"
"2023-03-26T00:00:00.000Z";"2023-03-26T23:59:59.999Z";"2023-03-26T23:22:00.000Z";"2023-03-26T00:34:00.000Z";"2781";322.6365168466;329.5675231945;322.0966354229;328.8879903552;363216135.79;51927975468.22;157889545.96;"2023-03-26T23:59:59.999Z"
"2023-03-25T00:00:00.000Z";"2023-03-25T23:59:59.999Z";"2023-03-25T15:56:00.000Z";"2023-03-25T20:03:00.000Z";"2781";322.31984359;325.0028374112;319.9109079025;322.6730602833;439062619.56;50946789304.43;157889813.48;"2023-03-25T23:59:59.999Z"
"2023-03-24T00:00:00.000Z";"2023-03-24T23:59:59.999Z";"2023-03-24T00:25:00.000Z";"2023-03-24T17:52:00.000Z";"2781";329.8080785433;330.1739879638;317.7767929204;322.3593395636;468651735.25;50897314959.58;157889996.39;"2023-03-24T23:59:59.999Z"
"2023-03-23T00:00:00.000Z";"2023-03-23T23:59:59.999Z";"2023-03-23T16:13:00.000Z";"2023-03-23T02:02:00.000Z";"2781";321.8635157508;331.968501845;319.8922010861;329.8370091341;547390924.77;52078037492.72;157890218.66;"2023-03-23T23:59:59.999Z"
"2023-03-22T00:00:00.000Z";"2023-03-22T23:59:59.999Z";"2023-03-22T07:10:00.000Z";"2023-03-22T20:01:00.000Z";"2781";335.2941414024;339.6857946703;317.6002392869;321.8877164652;1280612242.34;50822991269.6;157890434.05;"2023-03-22T23:59:59.999Z"
"2023-03-21T00:00:00.000Z";"2023-03-21T23:59:59.999Z";"2023-03-21T16:40:00.000Z";"2023-03-21T07:16:00.000Z";"2781";333.015796098;339.5477057407;328.9939977881;335.3092422129;638610696.5;52942208088.55;157890691.41;"2023-03-21T23:59:59.999Z"
"2023-03-20T00:00:00.000Z";"2023-03-20T23:59:59.999Z";"2023-03-20T11:28:00.000Z";"2023-03-20T23:52:00.000Z";"2781";337.0009315995;339.7980214874;332.8541015696;332.9230167174;682276623.64;52565516822.76;157890906.26;"2023-03-20T23:59:59.999Z"
"2023-03-19T00:00:00.000Z";"2023-03-19T23:59:59.999Z";"2023-03-19T19:35:00.000Z";"2023-03-19T00:00:00.000Z";"2781";331.5301725655;341.8165811997;331.5301725655;336.9782294811;705888291.72;53205871424.8;157891124.03;"2023-03-19T23:59:59.999Z"
"2023-03-18T00:00:00.000Z";"2023-03-18T23:59:59.999Z";"2023-03-18T06:00:00.000Z";"2023-03-18T16:35:00.000Z";"2781";339.0407394528;346.4451172025;330.7912444323;331.5242935313;828471427.52;52344805502.31;157891311.51;"2023-03-18T23:59:59.999Z"
"2023-03-17T00:00:00.000Z";"2023-03-17T23:59:59.999Z";"2023-03-17T23:41:00.000Z";"2023-03-17T00:43:00.000Z";"2781";329.8863254907;340.2700393685;327.1355902663;339.081152655;934568147.78;53538037405.63;157891516.49;"2023-03-17T23:59:59.999Z"
"2023-03-16T00:00:00.000Z";"2023-03-16T23:59:59.999Z";"2023-03-16T22:20:00.000Z";"2023-03-16T01:47:00.000Z";"2781";307.2134547323;333.0071706659;304.4295255275;329.8608764323;1337194824.02;52082308342.2;157891741.83;"2023-03-16T23:59:59.999Z"
"2023-03-15T00:00:00.000Z";"2023-03-15T23:59:59.999Z";"2023-03-15T08:01:00.000Z";"2023-03-15T17:05:00.000Z";"2781";309.446139761;313.9241741944;301.6941672165;307.1249378659;596861029.16;48492559791.01;157891964.51;"2023-03-15T23:59:59.999Z"
"2023-03-14T00:00:00.000Z";"2023-03-14T23:59:59.999Z";"2023-03-14T15:19:00.000Z";"2023-03-14T08:17:00.000Z";"2781";308.9379964038;319.8389681567;304.0131330628;309.3707927227;866173919.76;48847234567.27;157892198.35;"2023-03-14T23:59:59.999Z"
"2023-03-13T00:00:00.000Z";"2023-03-13T23:59:59.999Z";"2023-03-13T15:33:00.000Z";"2023-03-13T04:13:00.000Z";"2781";289.7408001903;313.7537097384;287.556195989;308.9121954488;1122664621.43;48774894446.61;157892421.1;"2023-03-13T23:59:59.999Z"
"2023-03-12T00:00:00.000Z";"2023-03-12T23:59:59.999Z";"2023-03-12T23:47:00.000Z";"2023-03-12T00:38:00.000Z";"2781";277.9440223067;289.7134092429;276.6386061793;289.6757890769;483074620.42;45737678819.63;157892652.9;"2023-03-12T23:59:59.999Z"
"2023-03-11T00:00:00.000Z";"2023-03-11T23:59:59.999Z";"2023-03-11T02:07:00.000Z";"2023-03-11T08:09:00.000Z";"2781";277.4346568279;281.6440985795;272.2830911575;277.9614107584;523623577.54;43888118187.78;157892845.87;"2023-03-11T23:59:59.999Z"
"2023-03-10T00:00:00.000Z";"2023-03-10T23:59:59.999Z";"2023-03-10T23:19:00.000Z";"2023-03-10T11:46:00.000Z";"2781";277.323522404;278.1007295034;265.712443616;277.4195807473;558776710.59;43802636227.98;157893095.04;"2023-03-10T23:59:59.999Z"
"2023-03-09T00:00:00.000Z";"2023-03-09T23:59:59.999Z";"2023-03-09T02:31:00.000Z";"2023-03-09T21:01:00.000Z";"2781";286.9457707181;291.3664740776;272.7283720875;277.2961142186;505668979.07;43783204222.91;157893320.45;"2023-03-09T23:59:59.999Z"
"2023-03-08T00:00:00.000Z";"2023-03-08T23:59:59.999Z";"2023-03-08T16:07:00.000Z";"2023-03-08T14:13:00.000Z";"2781";289.3274635406;293.6416218075;285.5854831584;286.8669929899;436665040.48;45294444955.49;157893539.73;"2023-03-08T23:59:59.999Z"
"2023-03-07T00:00:00.000Z";"2023-03-07T23:59:59.999Z";"2023-03-07T18:05:00.000Z";"2023-03-07T15:10:00.000Z";"2781";287.995546988;290.2167227662;284.3740933035;289.3436963159;373176524.52;45685558980.55;157893742.16;"2023-03-07T23:59:59.999Z"
"2023-03-06T00:00:00.000Z";"2023-03-06T23:59:59.999Z";"2023-03-06T00:40:00.000Z";"2023-03-06T12:15:00.000Z";"2781";288.7045006378;289.7183758552;283.9531623655;288.0549523439;374160712.3;45482133750;157893948.29;"2023-03-06T23:59:59.999Z"
"2023-03-05T00:00:00.000Z";"2023-03-05T23:59:59.999Z";"2023-03-05T02:13:00.000Z";"2023-03-05T23:26:00.000Z";"2781";289.5206378607;292.4590673686;287.875923046;288.6996951592;287599378.3;45583995083.99;157894157.31;"2023-03-05T23:59:59.999Z"
"2023-03-04T00:00:00.000Z";"2023-03-04T23:59:59.999Z";"2023-03-04T12:59:00.000Z";"2023-03-04T20:50:00.000Z";"2781";290.2898736716;291.3275374445;286.61908523;289.5038720016;289197234.83;45711023160.68;157894341.26;"2023-03-04T23:59:59.999Z"
"2023-03-03T00:00:00.000Z";"2023-03-03T23:59:59.999Z";"2023-03-03T00:04:00.000Z";"2023-03-03T21:52:00.000Z";"2781";299.9775601608;300.0876479676;287.9792436517;290.2828397498;450262902.53;45834074108.07;157894535.37;"2023-03-03T23:59:59.999Z"
"2023-03-02T00:00:00.000Z";"2023-03-02T23:59:59.999Z";"2023-03-02T00:24:00.000Z";"2023-03-02T14:48:00.000Z";"2781";302.916103228;303.5541610955;296.5191774081;299.946174294;370516889.22;47359929586.77;157894761.28;"2023-03-02T23:59:59.999Z"
"2023-03-01T00:00:00.000Z";"2023-03-01T23:59:59.999Z";"2023-03-01T04:58:00.000Z";"2023-03-01T19:58:00.000Z";"2781";301.510338392;306.1851353787;301.098013309;302.9074796456;377974810.21;47827580737.57;157895013.99;"2023-03-01T23:59:59.999Z"
"2023-02-28T00:00:00.000Z";"2023-02-28T23:59:59.999Z";"2023-02-28T03:46:00.000Z";"2023-02-28T21:44:00.000Z";"2781";304.854994171;305.6327353621;300.5692855616;301.4748145283;337673265;47601444433.23;157895260.7;"2023-02-28T23:59:59.999Z"
"2023-02-27T00:00:00.000Z";"2023-02-27T23:59:59.999Z";"2023-02-27T02:07:00.000Z";"2023-02-27T18:27:00.000Z";"2781";308.98519824;309.3254543523;300.9361109406;304.8558181438;404806422.88;48135374450.8;157895541.39;"2023-02-27T23:59:59.999Z"
"2023-02-26T00:00:00.000Z";"2023-02-26T23:59:59.999Z";"2023-02-26T20:43:00.000Z";"2023-02-26T01:04:00.000Z";"2781";302.369017843;309.5875532998;300.9662603423;308.9970718786;312320210.89;48789334458.77;157895782.51;"2023-02-26T23:59:59.999Z"
"2023-02-25T00:00:00.000Z";"2023-02-25T23:59:59.999Z";"2023-02-25T01:40:00.000Z";"2023-02-25T20:46:00.000Z";"2781";302.1002345719;303.0292324345;297.2241263622;302.3846004073;310503639.85;47745317303.57;157895994.83;"2023-02-25T23:59:59.999Z"
"2023-02-24T00:00:00.000Z";"2023-02-24T23:59:59.999Z";"2023-02-24T09:14:00.000Z";"2023-02-24T19:37:00.000Z";"2781";308.4597038396;311.7994411689;300.0581223739;302.0537194768;479926281.37;47693139025.53;157896214.98;"2023-02-24T23:59:59.999Z"
"2023-02-23T00:00:00.000Z";"2023-02-23T23:59:59.999Z";"2023-02-23T03:04:00.000Z";"2023-02-23T12:08:00.000Z";"2781";312.8053415676;314.8949024892;306.1801919209;308.5339409641;472852406.26;48716410747.32;157896439.51;"2023-02-23T23:59:59.999Z"
"2023-02-22T00:00:00.000Z";"2023-02-22T23:59:59.999Z";"2023-02-22T23:57:00.000Z";"2023-02-22T16:17:00.000Z";"2781";311.4826369444;312.8093867269;304.2212343965;312.7811222438;549179249.2;49387101205.02;157896681.39;"2023-02-22T23:59:59.999Z"
"2023-02-21T00:00:00.000Z";"2023-02-21T23:59:59.999Z";"2023-02-21T08:28:00.000Z";"2023-02-21T22:04:00.000Z";"2781";315.399360286;316.997293842;309.9552620398;311.4720077613;579359973.48;49180469394.39;157896915.83;"2023-02-21T23:59:59.999Z"
"2023-02-20T00:00:00.000Z";"2023-02-20T23:59:59.999Z";"2023-02-20T11:01:00.000Z";"2023-02-20T01:20:00.000Z";"2781";312.0279227818;319.3007720852;309.4282485723;315.3774405493;676396149.58;49797193703.2;157897133.09;"2023-02-20T23:59:59.999Z"
"2023-02-19T00:00:00.000Z";"2023-02-19T23:59:59.999Z";"2023-02-19T01:06:00.000Z";"2023-02-19T20:20:00.000Z";"2781";316.6196474124;318.4264467652;311.3098399101;311.9358396898;522437731.57;49253849848.38;157897373.7;"2023-02-19T23:59:59.999Z"
"2023-02-18T00:00:00.000Z";"2023-02-18T23:59:59.999Z";"2023-02-18T07:13:00.000Z";"2023-02-18T00:01:00.000Z";"2781";313.3858520996;318.6784958832;313.3005386679;316.6827151986;467884010.78;50003435479.69;157897583.54;"2023-02-18T23:59:59.999Z"
"2023-02-17T00:00:00.000Z";"2023-02-17T23:59:59.999Z";"2023-02-17T20:16:00.000Z";"2023-02-17T00:04:00.000Z";"2781";304.7427266248;316.4135462327;303.5519238275;313.3779844782;701575685.97;49481687296.28;157897777.59;"2023-02-17T23:59:59.999Z"
"2023-02-16T00:00:00.000Z";"2023-02-16T23:59:59.999Z";"2023-02-16T01:16:00.000Z";"2023-02-16T23:58:00.000Z";"2781";317.1503862979;326.6348946051;304.5027449201;304.7637014146;1036335164.37;48121587865.35;157898029.33;"2023-02-16T23:59:59.999Z"
"2023-02-15T00:00:00.000Z";"2023-02-15T23:59:59.999Z";"2023-02-15T23:53:00.000Z";"2023-02-15T00:49:00.000Z";"2781";296.1449391924;317.3873351831;294.383259291;317.169210302;667519216.19;50080477853.14;157898296.01;"2023-02-15T23:59:59.999Z"
"2023-02-14T00:00:00.000Z";"2023-02-14T23:59:59.999Z";"2023-02-14T15:16:00.000Z";"2023-02-14T01:31:00.000Z";"2781";294.4704127574;301.1332668681;290.1735066665;296.1203719413;662196431.67;46756968312.83;157898519.46;"2023-02-14T23:59:59.999Z"
"2023-02-13T00:00:00.000Z";"2023-02-13T23:59:59.999Z";"2023-02-13T06:04:00.000Z";"2023-02-13T16:35:00.000Z";"2781";312.9018245411;315.1230381334;283.6963834532;294.4753406602;1322505522.49;46497281012.21;157898725.6;"2023-02-13T23:59:59.999Z"
"2023-02-12T00:00:00.000Z";"2023-02-12T23:59:59.999Z";"2023-02-12T17:59:00.000Z";"2023-02-12T05:07:00.000Z";"2781";310.6056329254;320.2348566378;306.5174814657;312.9296659847;520994814.57;49411264709.56;157898946.89;"2023-02-12T23:59:59.999Z"
"2023-02-11T00:00:00.000Z";"2023-02-11T23:59:59.999Z";"2023-02-11T23:27:00.000Z";"2023-02-11T00:16:00.000Z";"2781";305.9799051056;311.1468800736;305.4541049831;310.6160401862;348569461.74;49046008530.26;157899149.38;"2023-02-11T23:59:59.999Z"
"2023-02-10T00:00:00.000Z";"2023-02-10T23:59:59.999Z";"2023-02-10T09:31:00.000Z";"2023-02-10T05:39:00.000Z";"2781";306.0072687013;309.0569159858;303.0165838142;305.954125037;492880078.22;48309960943.04;157899361.34;"2023-02-10T23:59:59.999Z"
"2023-02-09T00:00:00.000Z";"2023-02-09T23:59:59.999Z";"2023-02-09T01:26:00.000Z";"2023-02-09T22:56:00.000Z";"2781";328.172224935;329.0126074144;303.3585541486;305.9604241129;778492045.02;48311022691.35;157899580.74;"2023-02-09T23:59:59.999Z"
"2023-02-08T00:00:00.000Z";"2023-02-08T23:59:59.999Z";"2023-02-08T01:14:00.000Z";"2023-02-08T16:28:00.000Z";"2781";333.2173145939;334.7284042756;324.490554166;328.0886470268;515127901.97;51805135267.43;157899810.73;"2023-02-08T23:59:59.999Z"
"2023-02-07T00:00:00.000Z";"2023-02-07T23:59:59.999Z";"2023-02-07T23:33:00.000Z";"2023-02-07T00:04:00.000Z";"2781";324.5574082338;333.5267201714;324.2054749848;333.2278879799;521804212.38;52616693259.51;157900029.25;"2023-02-07T23:59:59.999Z"
"2023-02-06T00:00:00.000Z";"2023-02-06T23:59:59.999Z";"2023-02-06T16:08:00.000Z";"2023-02-06T05:32:00.000Z";"2781";327.8618559515;330.9574370015;321.9461431723;324.627182488;521894603.82;51258714744.82;157900254.54;"2023-02-06T23:59:59.999Z"
"2023-02-05T00:00:00.000Z";"2023-02-05T23:59:59.999Z";"2023-02-05T09:22:00.000Z";"2023-02-05T13:16:00.000Z";"2781";330.5582605432;337.3205290011;324.8794907917;327.8693441177;662969264.88;51770723358.62;157900469.46;"2023-02-05T23:59:59.999Z"
"2023-02-04T00:00:00.000Z";"2023-02-04T23:59:59.999Z";"2023-02-04T00:43:00.000Z";"2023-02-04T05:28:00.000Z";"2781";332.249683532;333.8709335667;327.7414113995;330.6170966967;440935963.16;52204662733.88;157900675;"2023-02-04T23:59:59.999Z"
"2023-02-03T00:00:00.000Z";"2023-02-03T23:59:59.999Z";"2023-02-03T13:02:00.000Z";"2023-02-03T03:19:00.000Z";"2781";323.2913483997;334.545175664;318.9032269358;332.2686656268;861598551.43;52465524136.14;157900908.4;"2023-02-03T23:59:59.999Z"
"2023-02-02T00:00:00.000Z";"2023-02-02T23:59:59.999Z";"2023-02-02T06:10:00.000Z";"2023-02-02T00:13:00.000Z";"2781";317.3462037823;333.4955392743;316.7110584867;323.3497783558;909077028.12;51057292061.02;157901119.71;"2023-02-02T23:59:59.999Z"
"2023-02-01T00:00:00.000Z";"2023-02-01T23:59:59.999Z";"2023-02-01T21:19:00.000Z";"2023-02-01T09:10:00.000Z";"2781";312.2771322147;319.2076662351;306.1482718016;317.4725950833;616638893.17;50129351591.42;157901350.76;"2023-02-01T23:59:59.999Z"
"2023-01-31T00:00:00.000Z";"2023-01-31T23:59:59.999Z";"2023-01-31T19:58:00.000Z";"2023-01-31T00:39:00.000Z";"2781";307.0965701272;313.8248042299;305.68136658;312.361042095;487472184.26;49322298701.1;157901569.19;"2023-01-31T23:59:59.999Z"
"2023-01-30T00:00:00.000Z";"2023-01-30T23:59:59.999Z";"2023-01-30T00:52:00.000Z";"2023-01-30T19:17:00.000Z";"2781";317.3753884032;320.2548191759;303.5807443205;307.0688845612;630938593.7;48486730038.64;157901801.44;"2023-01-30T23:59:59.999Z"
"2023-01-29T00:00:00.000Z";"2023-01-29T23:59:59.999Z";"2023-01-29T19:37:00.000Z";"2023-01-29T00:20:00.000Z";"2781";306.2363098682;320.1185631233;305.198081485;317.336225939;664644693.17;50108027166.7;157902007.62;"2023-01-29T23:59:59.999Z"
"2023-01-28T00:00:00.000Z";"2023-01-28T23:59:59.999Z";"2023-01-28T06:08:00.000Z";"2023-01-28T13:22:00.000Z";"2781";308.1571378403;313.0773588772;304.093309194;306.2443369371;434715821.81;48356662482.18;157902225.93;"2023-01-28T23:59:59.999Z"
"2023-01-27T00:00:00.000Z";"2023-01-27T23:59:59.999Z";"2023-01-27T20:11:00.000Z";"2023-01-27T01:56:00.000Z";"2781";304.8744503537;309.8944769159;300.3205997754;308.1231155076;484897937.01;48653379654.11;157902400.71;"2023-01-27T23:59:59.999Z"
"2023-01-26T00:00:00.000Z";"2023-01-26T23:59:59.999Z";"2023-01-26T01:08:00.000Z";"2023-01-26T16:13:00.000Z";"2781";307.0964076281;309.2630907986;302.3926813105;304.8665357219;540954387.63;48139219171.43;157902601.73;"2023-01-26T23:59:59.999Z"
"2023-01-25T00:00:00.000Z";"2023-01-25T23:59:59.999Z";"2023-01-25T22:10:00.000Z";"2023-01-25T01:29:00.000Z";"2781";300.6381575431;313.2007422552;294.7146712236;307.3076609179;667706772.29;48524730885.81;157902769.95;"2023-01-25T23:59:59.999Z"
"2023-01-24T00:00:00.000Z";"2023-01-24T23:59:59.999Z";"2023-01-24T03:58:00.000Z";"2023-01-24T23:22:00.000Z";"2781";305.3909016795;322.746225478;299.6996290853;300.6123391676;887528741.04;47467581558.37;157902971.28;"2023-01-24T23:59:59.999Z"
"2023-01-23T00:00:00.000Z";"2023-01-23T23:59:59.999Z";"2023-01-23T02:58:00.000Z";"2023-01-23T15:01:00.000Z";"2781";303.0203107141;307.4292544704;302.3316999066;305.5040750271;520678637.34;48240055474.33;157903148.98;"2023-01-23T23:59:59.999Z"
"2023-01-22T00:00:00.000Z";"2023-01-22T23:59:59.999Z";"2023-01-22T18:04:00.000Z";"2023-01-22T00:03:00.000Z";"2781";299.2391032977;310.6024051833;299.1035808727;303.0464542067;571771274.43;47852041125.81;157903319.64;"2023-01-22T23:59:59.999Z"
"2023-01-21T00:00:00.000Z";"2023-01-21T23:59:59.999Z";"2023-01-21T10:16:00.000Z";"2023-01-21T23:49:00.000Z";"2781";305.0204862587;309.6165638521;299.0642438813;299.2611548211;755028963.51;47254381542.53;157903492.59;"2023-01-21T23:59:59.999Z"
"2023-01-20T00:00:00.000Z";"2023-01-20T23:59:59.999Z";"2023-01-20T23:20:00.000Z";"2023-01-20T12:03:00.000Z";"2781";294.845510482;305.0209310553;287.2264452897;304.973165145;669836013.58;48156400534.22;157903730.68;"2023-01-20T23:59:59.999Z"
"2023-01-19T00:00:00.000Z";"2023-01-19T23:59:59.999Z";"2023-01-19T20:28:00.000Z";"2023-01-19T00:01:00.000Z";"2781";286.8854871655;295.1185318608;286.8704396277;294.8521905383;431382130.49;46558310525.77;157903899.04;"2023-01-19T23:59:59.999Z"
"2023-01-18T00:00:00.000Z";"2023-01-18T23:59:59.999Z";"2023-01-18T03:18:00.000Z";"2023-01-18T16:53:00.000Z";"2781";299.831455183;304.8897816267;282.6310512429;286.9910506058;844268122.93;45317067482.41;157904113.69;"2023-01-18T23:59:59.999Z"
"2023-01-17T00:00:00.000Z";"2023-01-17T23:59:59.999Z";"2023-01-17T14:26:00.000Z";"2023-01-17T01:25:00.000Z";"2781";299.0591104566;304.788155197;296.974787035;299.8245355969;529752305.39;47343587830.32;157904314.72;"2023-01-17T23:59:59.999Z"
"2023-01-16T00:00:00.000Z";"2023-01-16T23:59:59.999Z";"2023-01-16T02:31:00.000Z";"2023-01-16T15:16:00.000Z";"2781";302.0799809131;307.5973693402;294.1819602299;298.9992358239;602126314.61;47828458630.46;159961808.93;"2023-01-16T23:59:59.999Z"
"2023-01-15T00:00:00.000Z";"2023-01-15T23:59:59.999Z";"2023-01-15T00:10:00.000Z";"2023-01-15T09:13:00.000Z";"2781";305.3287339482;305.7638619809;292.9245900398;302.0706377852;562889881.98;48319824358.94;159962003.3;"2023-01-15T23:59:59.999Z"
"2023-01-14T00:00:00.000Z";"2023-01-14T23:59:59.999Z";"2023-01-14T08:50:00.000Z";"2023-01-14T00:04:00.000Z";"2781";293.7196722788;314.0033709211;293.6006070795;305.2411236942;1087358890.8;48827039541.48;159962193.01;"2023-01-14T23:59:59.999Z"
"2023-01-13T00:00:00.000Z";"2023-01-13T23:59:59.999Z";"2023-01-13T22:44:00.000Z";"2023-01-13T14:04:00.000Z";"2781";287.8115083638;295.2747942223;285.191207823;293.7330138529;561853825;46986237688.09;159962399.43;"2023-01-13T23:59:59.999Z"
"2023-01-12T00:00:00.000Z";"2023-01-12T23:59:59.999Z";"2023-01-12T21:01:00.000Z";"2023-01-12T14:46:00.000Z";"2781";284.9327908759;287.9513889635;279.7410190322;287.8123363245;655903255.24;46039203570;159962578.94;"2023-01-12T23:59:59.999Z"
"2023-01-11T00:00:00.000Z";"2023-01-11T23:59:59.999Z";"2023-01-11T23:40:00.000Z";"2023-01-11T04:52:00.000Z";"2781";277.2935205285;285.1723927642;274.5263877133;285.046495314;466458215.8;45596828391.98;159962774.99;"2023-01-11T23:59:59.999Z"
"2023-01-10T00:00:00.000Z";"2023-01-10T23:59:59.999Z";"2023-01-10T20:57:00.000Z";"2023-01-10T02:43:00.000Z";"2781";272.6551931501;278.2676717366;271.1498312103;277.2896532763;470259382.83;44356071738.95;159962952.87;"2023-01-10T23:59:59.999Z"
"2023-01-09T00:00:00.000Z";"2023-01-09T23:59:59.999Z";"2023-01-09T17:23:00.000Z";"2023-01-09T22:04:00.000Z";"2781";274.4424299253;283.0254327954;271.8993943756;272.7015387558;783671054.35;43622192228.1;159963131.95;"2023-01-09T23:59:59.999Z"
"2023-01-08T00:00:00.000Z";"2023-01-08T23:59:59.999Z";"2023-01-08T23:59:00.000Z";"2023-01-08T01:46:00.000Z";"2781";261.2529370515;274.385058999;260.5169020087;274.385058999;491734030.19;43891548403.84;159963332.42;"2023-01-08T23:59:59.999Z"
"2023-01-07T00:00:00.000Z";"2023-01-07T23:59:59.999Z";"2023-01-07T01:01:00.000Z";"2023-01-07T00:11:00.000Z";"2781";259.8549018262;262.9636588184;259.5932868892;261.2828502948;327712513.67;41795720411.57;159963504.55;"2023-01-07T23:59:59.999Z"
"2023-01-06T00:00:00.000Z";"2023-01-06T23:59:59.999Z";"2023-01-06T20:03:00.000Z";"2023-01-06T13:31:00.000Z";"2781";256.4502046495;260.2217402744;255.0676984826;259.8671558782;417893263.5;41569303200.31;159963667.05;"2023-01-06T23:59:59.999Z"
"2023-01-05T00:00:00.000Z";"2023-01-05T23:59:59.999Z";"2023-01-05T00:00:00.000Z";"2023-01-05T14:49:00.000Z";"2781";259.0764764393;259.0764764393;255.5965632061;256.4228391992;342934040.92;41018392454.05;159963880.68;"2023-01-05T23:59:59.999Z"
"2023-01-04T00:00:00.000Z";"2023-01-04T23:59:59.999Z";"2023-01-04T17:52:00.000Z";"2023-01-04T00:47:00.000Z";"2781";246.140899102;260.5160533408;245.7049636711;259.1196898961;632924961.14;41449837472.7;159964059.42;"2023-01-04T23:59:59.999Z"
"2023-01-03T00:00:00.000Z";"2023-01-03T23:59:59.999Z";"2023-01-03T06:31:00.000Z";"2023-01-03T17:01:00.000Z";"2781";245.5521403242;246.8314561559;244.7840466464;246.1333573022;377452410.46;39372532274.58;159964227.14;"2023-01-03T23:59:59.999Z"
"2023-01-02T00:00:00.000Z";"2023-01-02T23:59:59.999Z";"2023-01-02T09:23:00.000Z";"2023-01-02T01:10:00.000Z";"2781";244.1522177485;247.7152679989;241.6924913861;245.5359093602;357733261.53;39277002026.83;159964390.26;"2023-01-02T23:59:59.999Z"
"2023-01-01T00:00:00.000Z";"2023-01-01T23:59:59.999Z";"2023-01-01T00:31:00.000Z";"2023-01-01T09:09:00.000Z";"2781";246.3329064814;246.485815595;243.5752801023;244.1369845603;278651736.6;39053263491.06;159964552.53;"2023-01-01T23:59:59.999Z"
"2022-12-31T00:00:00.000Z";"2022-12-31T23:59:59.999Z";"2022-12-31T14:31:00.000Z";"2022-12-31T07:04:00.000Z";"2781";245.7886845509;247.5836180818;245.1082517836;246.3491895742;307551853.14;39407173515.71;159964697.2;"2022-12-31T23:59:59.999Z"
"2022-12-30T00:00:00.000Z";"2022-12-30T23:59:59.999Z";"2022-12-30T00:43:00.000Z";"2022-12-30T07:33:00.000Z";"2781";246.4580017224;246.4972384706;243.1274681256;245.7792225951;342300808.67;39316042283.7;159964873.63;"2022-12-30T23:59:59.999Z"
"2022-12-29T00:00:00.000Z";"2022-12-29T23:59:59.999Z";"2022-12-29T16:55:00.000Z";"2022-12-29T02:26:00.000Z";"2781";244.1714129571;246.6009929337;243.5799098773;246.4797245844;345312527.63;39428145950.14;159965068.19;"2022-12-29T23:59:59.999Z"
"2022-12-28T00:00:00.000Z";"2022-12-28T23:59:59.999Z";"2022-12-28T00:06:00.000Z";"2022-12-28T05:47:00.000Z";"2781";246.6071144316;246.8400409124;242.1092755832;244.1419264619;414698978.2;39054223213.78;159965245.54;"2022-12-28T23:59:59.999Z"
"2022-12-27T00:00:00.000Z";"2022-12-27T23:59:59.999Z";"2022-12-27T15:28:00.000Z";"2022-12-27T09:04:00.000Z";"2781";244.2026583696;247.6796857897;242.5621804175;246.596686232;391342277.11;39446947208.02;159965439.16;"2022-12-27T23:59:59.999Z"
"2022-12-26T00:00:00.000Z";"2022-12-26T23:59:59.999Z";"2022-12-26T03:04:00.000Z";"2022-12-26T18:17:00.000Z";"2781";243.1479335127;244.595951265;242.2244238394;244.1982879678;276115280.04;39063326954.92;159965605.33;"2022-12-26T23:59:59.999Z"
"2022-12-25T00:00:00.000Z";"2022-12-25T23:59:59.999Z";"2022-12-25T01:26:00.000Z";"2022-12-25T20:58:00.000Z";"2781";244.6363998227;245.7309876047;241.7005018158;243.1414997684;298063868.05;38894316962.86;159965768.9;"2022-12-25T23:59:59.999Z"
"2022-12-24T00:00:00.000Z";"2022-12-24T23:59:59.999Z";"2022-12-24T00:02:00.000Z";"2022-12-24T12:32:00.000Z";"2781";246.1516461246;246.1817154188;243.953043427;244.6355292789;280627376.19;39133349163.76;159965926.78;"2022-12-24T23:59:59.999Z"
"2022-12-23T00:00:00.000Z";"2022-12-23T23:59:59.999Z";"2022-12-23T03:16:00.000Z";"2022-12-23T14:52:00.000Z";"2781";245.8941346236;248.2747247537;244.4529484096;246.1481728072;388929772.33;39375368363.2;159966120.87;"2022-12-23T23:59:59.999Z"
"2022-12-22T00:00:00.000Z";"2022-12-22T23:59:59.999Z";"2022-12-22T04:07:00.000Z";"2022-12-22T15:07:00.000Z";"2781";246.0683228899;248.0320294021;240.4832031335;245.8906251753;543367184.12;39334222657;159966337.18;"2022-12-22T23:59:59.999Z"
"2022-12-21T00:00:00.000Z";"2022-12-21T23:59:59.999Z";"2022-12-21T00:00:00.000Z";"2022-12-21T23:56:00.000Z";"2781";251.6943193106;251.6943193106;245.7572416177;246.0469785026;479296549.19;39359267890.3;159966475.22;"2022-12-21T23:59:59.999Z"
"2022-12-20T00:00:00.000Z";"2022-12-20T23:59:59.999Z";"2022-12-20T15:35:00.000Z";"2022-12-20T00:13:00.000Z";"2781";240.6682244776;252.6286602175;239.8014326535;251.7445349679;667866376.86;40270721918.09;159966618.24;"2022-12-20T23:59:59.999Z"
"2022-12-19T00:00:00.000Z";"2022-12-19T23:59:59.999Z";"2022-12-19T00:32:00.000Z";"2022-12-19T22:37:00.000Z";"2781";251.2426745665;252.9330208729;238.6507879794;240.6578115811;751196285.35;38497257993.91;159966791.61;"2022-12-19T23:59:59.999Z"
"2022-12-18T00:00:00.000Z";"2022-12-18T23:59:59.999Z";"2022-12-18T23:17:00.000Z";"2022-12-18T01:31:00.000Z";"2781";242.5169094018;253.3396872946;240.036531323;251.1563890176;925487109.62;40176732867.76;159966995.17;"2022-12-18T23:59:59.999Z"
"2022-12-17T00:00:00.000Z";"2022-12-17T23:59:59.999Z";"2022-12-17T23:52:00.000Z";"2022-12-17T02:16:00.000Z";"2781";231.2207523941;243.5819584118;221.0031953179;242.5292816411;1196953525.57;38796722023.24;159967166.69;"2022-12-17T23:59:59.999Z"
"2022-12-16T00:00:00.000Z";"2022-12-16T23:59:59.999Z";"2022-12-16T07:56:00.000Z";"2022-12-16T23:35:00.000Z";"2781";258.2687714345;264.2475848456;227.345236754;231.2324355864;1264053277.27;36989640967.8;159967354.38;"2022-12-16T23:59:59.999Z"
"2022-12-15T00:00:00.000Z";"2022-12-15T23:59:59.999Z";"2022-12-15T00:00:00.000Z";"2022-12-15T22:44:00.000Z";"2781";268.1503576069;268.1503576069;257.0811992241;258.2737251465;709349173.61;41315420629.36;159967571.64;"2022-12-15T23:59:59.999Z"
"2022-12-14T00:00:00.000Z";"2022-12-14T23:59:59.999Z";"2022-12-14T03:22:00.000Z";"2022-12-15T01:56:00.000Z";"2781";271.9580669838;277.8570959658;262.5563121051;262.6448452573;1047820780.79;42014706714.49;159967767.35;"2022-12-14T23:59:59.999Z"
"2022-12-13T00:00:00.000Z";"2022-12-13T23:59:59.999Z";"2022-12-13T14:28:00.000Z";"2022-12-13T07:07:00.000Z";"2781";276.2844848598;280.687339691;257.4403792338;271.9516943014;1925504272.94;43503575941.02;159968026.87;"2022-12-13T23:59:59.999Z"
"2022-12-12T00:00:00.000Z";"2022-12-12T23:59:59.999Z";"2022-12-12T01:07:00.000Z";"2022-12-12T19:56:00.000Z";"2781";284.4343741775;285.5374513045;273.5308416455;276.2781887786;974762446.71;44195717778.35;159968175.46;"2022-12-12T23:59:59.999Z"
"2022-12-11T00:00:00.000Z";"2022-12-11T23:59:59.999Z";"2022-12-11T19:10:00.000Z";"2022-12-11T23:46:00.000Z";"2781";288.1442516289;290.9364237744;284.1882853004;284.3904115885;496833486.44;45493467668.66;159968359.74;"2022-12-11T23:59:59.999Z"
"2022-12-10T00:00:00.000Z";"2022-12-10T23:59:59.999Z";"2022-12-10T16:04:00.000Z";"2022-12-10T00:00:00.000Z";"2781";286.1065065638;289.492601429;286.1065065638;288.1252168498;439735199.89;46090966906.46;159968528.3;"2022-12-10T23:59:59.999Z"
"2022-12-09T00:00:00.000Z";"2022-12-09T23:59:59.999Z";"2022-12-09T10:13:00.000Z";"2022-12-09T21:37:00.000Z";"2781";290.522007332;291.5705990021;285.5756264422;286.0904206929;644239750.36;45765515255.46;159968709;"2022-12-09T23:59:59.999Z"
"2022-12-08T00:00:00.000Z";"2022-12-08T23:59:59.999Z";"2022-12-08T18:55:00.000Z";"2022-12-08T01:53:00.000Z";"2781";284.2951610557;291.5117147215;282.8092006003;290.5371801424;646645161.65;46476916921.1;159968913.1;"2022-12-08T23:59:59.999Z"
"2022-12-07T00:00:00.000Z";"2022-12-07T23:59:59.999Z";"2022-12-07T00:42:00.000Z";"2022-12-07T08:06:00.000Z";"2781";290.3846000736;290.4856768771;282.0208143099;284.284438259;759320493.67;45476734071.7;159969129.33;"2022-12-07T23:59:59.999Z"
"2022-12-06T00:00:00.000Z";"2022-12-06T23:59:59.999Z";"2022-12-06T23:42:00.000Z";"2022-12-06T18:37:00.000Z";"2781";288.4617675791;290.6016300395;287.1078806358;290.3544751177;610280514.37;46447810674.27;159969329.4;"2022-12-06T23:59:59.999Z"
"2022-12-05T00:00:00.000Z";"2022-12-05T23:59:59.999Z";"2022-12-05T08:58:00.000Z";"2022-12-05T20:04:00.000Z";"2781";292.2089053394;296.9121661793;286.5386940412;288.4742846217;705616865.68;46147098395.14;159969539.25;"2022-12-05T23:59:59.999Z"
"2022-12-04T00:00:00.000Z";"2022-12-04T23:59:59.999Z";"2022-12-04T23:55:00.000Z";"2022-12-04T14:30:00.000Z";"2781";290.5531131489;292.3376217141;288.5040701793;292.2882876505;633441009.01;46757282793.46;159969744.83;"2022-12-04T23:59:59.999Z"
"2022-12-03T00:00:00.000Z";"2022-12-03T23:59:59.999Z";"2022-12-03T00:07:00.000Z";"2022-12-03T09:01:00.000Z";"2781";293.5003783364;294.0430315017;289.70445532;290.5631512229;634607104.65;46481371529.18;159969945.72;"2022-12-03T23:59:59.999Z"
"2022-12-02T00:00:00.000Z";"2022-12-02T23:59:59.999Z";"2022-12-02T23:59:00.000Z";"2022-12-02T04:13:00.000Z";"2781";292.0285496141;293.527498285;286.1406803246;293.527498285;854253817.61;46955638514.8;159970151.99;"2022-12-02T23:59:59.999Z"
"2022-12-01T00:00:00.000Z";"2022-12-01T23:59:59.999Z";"2022-12-01T10:57:00.000Z";"2022-12-01T17:22:00.000Z";"2781";300.7543693272;301.4796862717;290.5537072503;292.0162158842;1433086339.66;46713966636.4;159970454.02;"2022-12-01T23:59:59.999Z"
"2022-11-30T00:00:00.000Z";"2022-11-30T23:59:59.999Z";"2022-11-30T01:05:00.000Z";"2022-11-30T17:40:00.000Z";"2781";295.5482102009;304.6509707697;294.3822525567;300.7943525852;1009620335.72;48118283430.36;159970700.97;"2022-11-30T23:59:59.999Z"
"2022-11-29T00:00:00.000Z";"2022-11-29T23:59:59.999Z";"2022-11-29T09:12:00.000Z";"2022-11-29T00:20:00.000Z";"2781";293.4918126425;304.8228240119;289.7636319026;295.4981664745;986451640.27;47271122270.62;159970949.51;"2022-11-29T23:59:59.999Z"
"2022-11-28T00:00:00.000Z";"2022-11-28T23:59:59.999Z";"2022-11-28T00:20:00.000Z";"2022-11-28T02:04:00.000Z";"2781";307.3995769226;309.0960879149;289.4936888194;293.5272454597;1154829072.15;46955899031.7;159971177.32;"2022-11-28T23:59:59.999Z"
"2022-11-27T00:00:00.000Z";"2022-11-27T23:59:59.999Z";"2022-11-27T02:32:00.000Z";"2022-11-27T23:46:00.000Z";"2781";311.3720554396;316.219868749;307.1563609635;307.429278751;793779029.11;49179890751.32;159971395.54;"2022-11-27T23:59:59.999Z"
"2022-11-26T00:00:00.000Z";"2022-11-26T23:59:59.999Z";"2022-11-26T09:18:00.000Z";"2022-11-26T00:26:00.000Z";"2781";300.5717583259;316.9621165043;300.3894639429;311.3884669299;1221554861.37;49813311436.08;159971600.51;"2022-11-26T23:59:59.999Z"
"2022-11-25T00:00:00.000Z";"2022-11-25T23:59:59.999Z";"2022-11-25T12:23:00.000Z";"2022-11-25T06:02:00.000Z";"2781";300.3338324356;304.1632593132;294.9123327324;300.5776955566;949045514.69;48083958346.11;159971811.14;"2022-11-25T23:59:59.999Z"
"2022-11-24T00:00:00.000Z";"2022-11-24T23:59:59.999Z";"2022-11-24T01:47:00.000Z";"2022-11-24T08:29:00.000Z";"2781";297.9458738044;303.0646314614;294.5315442116;300.4278323223;1219177799.2;48060047573.8;159972021.24;"2022-11-24T23:59:59.999Z"
"2022-11-23T00:00:00.000Z";"2022-11-23T23:59:59.999Z";"2022-11-23T12:13:00.000Z";"2022-11-23T01:31:00.000Z";"2781";266.420339375;300.0202139501;265.0349686845;297.8474285213;1920236927.74;47647318081.63;159972232.49;"2022-11-23T23:59:59.999Z"
"2022-11-22T00:00:00.000Z";"2022-11-22T23:59:59.999Z";"2022-11-22T23:46:00.000Z";"2022-11-22T08:25:00.000Z";"2781";254.0190876596;266.8921589863;252.389956048;266.3243519237;800429058.43;42604562672.57;159972463.52;"2022-11-22T23:59:59.999Z"
"2022-11-21T00:00:00.000Z";"2022-11-21T23:59:59.999Z";"2022-11-21T00:56:00.000Z";"2022-11-21T19:38:00.000Z";"2781";264.2357763641;264.7425526067;250.6569389838;254.168251909;1094850660.77;40659978958.69;159972689.95;"2022-11-21T23:59:59.999Z"
"2022-11-20T00:00:00.000Z";"2022-11-20T23:59:59.999Z";"2022-11-20T04:20:00.000Z";"2022-11-20T21:59:00.000Z";"2781";272.4303077993;273.6504953265;262.555297413;264.2351228742;720361905.04;42270466525.64;159972928.9;"2022-11-20T23:59:59.999Z"
"2022-11-19T00:00:00.000Z";"2022-11-19T23:59:59.999Z";"2022-11-19T00:16:00.000Z";"2022-11-19T08:36:00.000Z";"2781";273.8872104535;274.2624506867;269.6495425645;272.3976660614;551451227.83;43576320416.4;159973178.36;"2022-11-19T23:59:59.999Z"
"2022-11-18T00:00:00.000Z";"2022-11-18T23:59:59.999Z";"2022-11-18T22:25:00.000Z";"2022-11-18T00:01:00.000Z";"2781";267.9141108375;274.5059426441;267.9135566881;273.9199780715;685307607.94;43819908779.79;159973394.74;"2022-11-18T23:59:59.999Z"
"2022-11-17T00:00:00.000Z";"2022-11-17T23:59:59.999Z";"2022-11-17T01:17:00.000Z";"2022-11-17T09:53:00.000Z";"2781";272.0883076925;273.2224580914;264.3985130316;267.9113093725;854777254.71;42858741189.08;159973616.98;"2022-11-17T23:59:59.999Z"
"2022-11-16T00:00:00.000Z";"2022-11-16T23:59:59.999Z";"2022-11-16T05:02:00.000Z";"2022-11-16T16:04:00.000Z";"2781";276.8629959535;279.7919790966;269.6501842122;272.0815946415;908816092.2;43525943306.37;159973861.38;"2022-11-16T23:59:59.999Z"
"2022-11-15T00:00:00.000Z";"2022-11-15T23:59:59.999Z";"2022-11-15T03:05:00.000Z";"2022-11-15T19:10:00.000Z";"2781";278.6280309188;281.88255014;274.0931228316;276.8740238593;1116291059.69;44292678773.44;159974121.65;"2022-11-15T23:59:59.999Z"
"2022-11-14T00:00:00.000Z";"2022-11-14T23:59:59.999Z";"2022-11-14T13:43:00.000Z";"2022-11-14T06:16:00.000Z";"2781";276.6222624189;290.7196330116;268.2330467404;278.5784318776;1541330420.2;44565408017.59;159974365.99;"2022-11-14T23:59:59.999Z"
"2022-11-13T00:00:00.000Z";"2022-11-13T23:59:59.999Z";"2022-11-13T04:10:00.000Z";"2022-11-13T21:07:00.000Z";"2781";282.3652776424;286.0844663627;274.0527073779;276.5794279745;956106803.89;44245687907.86;159974616.45;"2022-11-13T23:59:59.999Z"
"2022-11-12T00:00:00.000Z";"2022-11-12T23:59:59.999Z";"2022-11-12T00:04:00.000Z";"2022-11-12T05:56:00.000Z";"2781";289.8576474259;290.3691690196;272.0461123265;282.3412779963;1189401391.87;45167505777.85;159974857.73;"2022-11-12T23:59:59.999Z"
"2022-11-11T00:00:00.000Z";"2022-11-11T23:59:59.999Z";"2022-11-11T01:19:00.000Z";"2022-11-11T14:32:00.000Z";"2781";303.9868659563;304.9127809262;280.626866458;289.8205589412;1625174425.99;46364088778.7;159975154.79;"2022-11-11T23:59:59.999Z"
"2022-11-10T00:00:00.000Z";"2022-11-10T23:59:59.999Z";"2022-11-10T16:33:00.000Z";"2022-11-10T00:05:00.000Z";"2781";266.8857642475;311.0740193246;264.4677301391;304.0800529648;2461275687.15;48645327657.74;159975398.53;"2022-11-10T23:59:59.999Z"
"2022-11-09T00:00:00.000Z";"2022-11-09T23:59:59.999Z";"2022-11-09T00:26:00.000Z";"2022-11-09T22:13:00.000Z";"2781";327.8196580031;332.0609975276;261.7302562916;266.8531311753;3191459131.71;42690010298.04;159975676.92;"2022-11-09T23:59:59.999Z"
"2022-11-08T00:00:00.000Z";"2022-11-08T23:59:59.999Z";"2022-11-08T16:45:00.000Z";"2022-11-08T19:32:00.000Z";"2781";336.987640158;388.7155250829;302.7518822258;327.6902809642;5390603524.7;52422579607.15;159975997.62;"2022-11-08T23:59:59.999Z"
"2022-11-07T00:00:00.000Z";"2022-11-07T23:59:59.999Z";"2022-11-07T19:53:00.000Z";"2022-11-07T14:14:00.000Z";"2781";338.8971581187;344.0419008844;327.6837824323;337.01455016;1811518273.64;53914349553.2;159976326.03;"2022-11-07T23:59:59.999Z"
"2022-11-06T00:00:00.000Z";"2022-11-06T23:59:59.999Z";"2022-11-06T16:44:00.000Z";"2022-11-06T23:58:00.000Z";"2781";349.2881330967;354.4880989207;339.1924259123;339.389372371;1143505729.53;54294354064.47;159976588.79;"2022-11-06T23:59:59.999Z"
"2022-11-05T00:00:00.000Z";"2022-11-05T23:59:59.999Z";"2022-11-05T08:01:00.000Z";"2022-11-05T23:13:00.000Z";"2781";354.4194561736;360.3093331889;347.0196160658;349.2537349776;1231594444.52;55872507021.88;159976834.68;"2022-11-05T23:59:59.999Z"
"2022-11-04T00:00:00.000Z";"2022-11-04T23:59:59.999Z";"2022-11-04T14:42:00.000Z";"2022-11-04T00:13:00.000Z";"2781";329.6709657482;358.1819973266;328.7398511832;354.4063834219;1938879951.62;56696907533.63;159977105.9;"2022-11-04T23:59:59.999Z"
"2022-11-03T00:00:00.000Z";"2022-11-03T23:59:59.999Z";"2022-11-03T08:22:00.000Z";"2022-11-03T00:38:00.000Z";"2781";320.1744328905;338.6425828309;318.4955648335;329.7169851113;1514834239.07;52747289288.93;159977470.59;"2022-11-03T23:59:59.999Z"
"2022-11-02T00:00:00.000Z";"2022-11-02T23:59:59.999Z";"2022-11-02T18:18:00.000Z";"2022-11-02T10:07:00.000Z";"2781";324.4679808907;329.0394716785;316.2809224383;320.1505480211;1411029750.24;51216971698.16;159977773;"2022-11-02T23:59:59.999Z"
"2022-11-01T00:00:00.000Z";"2022-11-01T23:59:59.999Z";"2022-11-01T03:04:00.000Z";"2022-11-01T14:14:00.000Z";"2781";326.2778726408;334.206231504;317.9355057772;324.5794362496;1329110451.04;51925582974.74;159978042.89;"2022-11-01T23:59:59.999Z"
"2022-10-31T00:00:00.000Z";"2022-10-31T23:59:59.999Z";"2022-10-31T12:47:00.000Z";"2022-10-31T02:26:00.000Z";"2781";313.6713662883;336.7953167816;307.625325373;326.3607282901;2168405759.46;52210645189.25;159978332.76;"2022-10-31T23:59:59.999Z"
"2022-10-30T00:00:00.000Z";"2022-10-30T23:59:59.999Z";"2022-10-30T08:18:00.000Z";"2022-10-30T01:02:00.000Z";"2781";304.2299115477;318.0692735393;302.5343630329;313.7547896985;1451550019.08;50194052761.32;159978602.43;"2022-10-30T23:59:59.999Z"
"2022-10-29T00:00:00.000Z";"2022-10-29T23:59:59.999Z";"2022-10-29T17:53:00.000Z";"2022-10-29T02:07:00.000Z";"2781";298.0037869916;307.914993115;295.9452415207;304.2179688377;1397370727.45;48668443564.22;159978859.07;"2022-10-29T23:59:59.999Z"
"2022-10-28T00:00:00.000Z";"2022-10-28T23:59:59.999Z";"2022-10-28T20:46:00.000Z";"2022-10-28T08:07:00.000Z";"2781";286.8411473413;300.7217871529;286.1366772684;298.01417968;1072756218.67;47676042557.46;159979107.73;"2022-10-28T23:59:59.999Z"
"2022-10-27T00:00:00.000Z";"2022-10-27T23:59:59.999Z";"2022-10-27T05:50:00.000Z";"2022-10-27T20:29:00.000Z";"2781";290.3920071474;293.0694505172;285.2253098836;286.8441221432;874526054.14;45889133083.98;159979339.1;"2022-10-27T23:59:59.999Z"
"2022-10-26T00:00:00.000Z";"2022-10-26T23:59:59.999Z";"2022-10-26T23:15:00.000Z";"2022-10-26T00:01:00.000Z";"2781";284.356211637;291.7024031009;284.1638263133;290.3769874065;1017326050.67;46454401105.13;159979623.45;"2022-10-26T23:59:59.999Z"
"2022-10-25T00:00:00.000Z";"2022-10-25T23:59:59.999Z";"2022-10-25T19:32:00.000Z";"2022-10-25T10:04:00.000Z";"2781";273.9513544697;289.6018186569;272.36652262;284.4325199823;940035658.97;45503479950.61;159979878.37;"2022-10-25T23:59:59.999Z"
"2022-10-24T00:00:00.000Z";"2022-10-24T23:59:59.999Z";"2022-10-24T00:35:00.000Z";"2022-10-24T14:35:00.000Z";"2781";276.00076757;276.8754638687;271.8848797023;273.9774074262;535946813.79;43830941988.53;159980132.67;"2022-10-24T23:59:59.999Z"
"2022-10-23T00:00:00.000Z";"2022-10-23T23:59:59.999Z";"2022-10-23T22:36:00.000Z";"2022-10-23T11:23:00.000Z";"2781";270.4799658833;276.5697826224;269.102548448;276.0081789772;483765500.26;44155896392.93;159980391;"2022-10-23T23:59:59.999Z"
"2022-10-22T00:00:00.000Z";"2022-10-22T23:59:59.999Z";"2022-10-22T21:11:00.000Z";"2022-10-22T03:05:00.000Z";"2781";270.0330869329;271.0074192862;268.5668881498;270.4794830407;391459295.88;43271477489.63;159980627.75;"2022-10-22T23:59:59.999Z"
"2022-10-21T00:00:00.000Z";"2022-10-21T23:59:59.999Z";"2022-10-21T19:50:00.000Z";"2022-10-21T12:19:00.000Z";"2781";269.2449018428;271.0479240294;264.5229714451;270.0384322745;593811686.54;43200999361.33;159980929.37;"2022-10-21T23:59:59.999Z"
"2022-10-20T00:00:00.000Z";"2022-10-20T23:59:59.999Z";"2022-10-20T14:25:00.000Z";"2022-10-20T20:34:00.000Z";"2781";271.9537271852;273.2851683574;267.8604805696;269.2712573947;539795617.33;43352990986.74;161001182.99;"2022-10-20T23:59:59.999Z"
"2022-10-19T00:00:00.000Z";"2022-10-19T23:59:59.999Z";"2022-10-19T20:06:00.000Z";"2022-10-19T11:21:00.000Z";"2781";273.2234571968;273.647704922;270.6843549602;271.9813480582;497761035.09;43789393911.3;161001459.2;"2022-10-19T23:59:59.999Z"
"2022-10-18T00:00:00.000Z";"2022-10-18T23:59:59.999Z";"2022-10-18T00:04:00.000Z";"2022-10-18T19:17:00.000Z";"2781";275.5345169357;275.8152406069;270.5331929221;273.2145542827;599934776.01;44079687877.9;161337261.09;"2022-10-18T23:59:59.999Z"
"2022-10-17T00:00:00.000Z";"2022-10-17T23:59:59.999Z";"2022-10-17T23:46:00.000Z";"2022-10-17T04:23:00.000Z";"2781";272.5019368314;275.8415272502;270.4273464165;275.5125748919;594844794.5;44450444228.92;161337261.09;"2022-10-17T23:59:59.999Z"
"2022-10-16T00:00:00.000Z";"2022-10-16T23:59:59.999Z";"2022-10-16T20:04:00.000Z";"2022-10-16T00:02:00.000Z";"2781";268.4115804977;273.7430323552;268.3623025445;272.5199649627;563344665.81;43967624739.43;161337261.09;"2022-10-16T23:59:59.999Z"
"2022-10-15T00:00:00.000Z";"2022-10-15T23:59:59.999Z";"2022-10-15T16:28:00.000Z";"2022-10-15T23:04:00.000Z";"2781";269.559033271;271.3644954585;267.8848275583;268.4040852869;491674297.83;43303579985.56;161337261.09;"2022-10-15T23:59:59.999Z"
"2022-10-14T00:00:00.000Z";"2022-10-14T23:59:59.999Z";"2022-10-14T01:57:00.000Z";"2022-10-14T22:13:00.000Z";"2781";271.8459266131;276.5288721201;268.3430097343;269.5671787526;809144929.57;43491230299.71;161337261.09;"2022-10-14T23:59:59.999Z"
"2022-10-13T00:00:00.000Z";"2022-10-13T23:59:59.999Z";"2022-10-13T22:38:00.000Z";"2022-10-13T12:34:00.000Z";"2781";270.9587202568;273.492648975;257.9745108446;271.8514210798;1124480167.14;43859763700.45;161337261.09;"2022-10-13T23:59:59.999Z"
"2022-10-12T00:00:00.000Z";"2022-10-12T23:59:59.999Z";"2022-10-12T06:47:00.000Z";"2022-10-12T17:51:00.000Z";"2781";271.4066258824;272.7352155138;269.6601462511;270.9710015905;546926290.51;43717719231.42;161337261.09;"2022-10-12T23:59:59.999Z"
"2022-10-11T00:00:00.000Z";"2022-10-11T23:59:59.999Z";"2022-10-11T12:35:00.000Z";"2022-10-11T02:14:00.000Z";"2781";271.7315310852;273.6628327881;268.446850327;271.3714104976;584301467.51;43782320107.81;161337261.09;"2022-10-11T23:59:59.999Z"
"2022-10-10T00:00:00.000Z";"2022-10-10T23:59:59.999Z";"2022-10-10T01:58:00.000Z";"2022-10-10T23:59:00.000Z";"2781";278.2445744243;279.0643149283;271.8060651058;271.8060651058;655201927.59;43852446091.82;161337261.09;"2022-10-10T23:59:59.999Z"
"2022-10-09T00:00:00.000Z";"2022-10-09T23:59:59.999Z";"2022-10-09T15:59:00.000Z";"2022-10-09T04:26:00.000Z";"2781";276.4495473725;279.2800254672;275.4630302463;278.2380547842;570350813.94;44890165689.9;161337261.09;"2022-10-09T23:59:59.999Z"
"2022-10-08T00:00:00.000Z";"2022-10-08T23:59:59.999Z";"2022-10-08T00:00:00.000Z";"2022-10-08T22:05:00.000Z";"2781";282.9941874516;282.9941874516;276.0498752031;276.469567313;604706996.55;44604842765.02;161337261.09;"2022-10-08T23:59:59.999Z"
"2022-10-07T00:00:00.000Z";"2022-10-07T23:59:59.999Z";"2022-10-07T00:01:00.000Z";"2022-10-07T12:53:00.000Z";"2781";286.771931529;286.9586187848;280.1914745185;283.1826745648;952606066.09;45687917102.43;161337261.09;"2022-10-07T23:59:59.999Z"
"2022-10-06T00:00:00.000Z";"2022-10-06T23:59:59.999Z";"2022-10-06T01:21:00.000Z";"2022-10-06T22:02:00.000Z";"2781";294.15526535;297.6993658181;279.8035532155;286.634155465;1010110226.58;46244769577.57;161337261.09;"2022-10-06T23:59:59.999Z"
"2022-10-05T00:00:00.000Z";"2022-10-05T23:59:59.999Z";"2022-10-05T00:07:00.000Z";"2022-10-05T14:22:00.000Z";"2781";296.2894525877;296.3330680073;289.9037493362;294.1376719519;656837387.77;47455366376.12;161337261.09;"2022-10-05T23:59:59.999Z"
"2022-10-04T00:00:00.000Z";"2022-10-04T23:59:59.999Z";"2022-10-04T20:51:00.000Z";"2022-10-04T00:59:00.000Z";"2781";287.0241821485;297.9946703359;286.5289635369;296.2984668539;794566055.2;47803983107.38;161337261.09;"2022-10-04T23:59:59.999Z"
"2022-10-03T00:00:00.000Z";"2022-10-03T23:59:59.999Z";"2022-10-03T17:35:00.000Z";"2022-10-03T00:08:00.000Z";"2781";284.414880973;288.6329008209;283.8986437551;287.031994164;700566674.19;46308955783.63;161337261.09;"2022-10-03T23:59:59.999Z"
"2022-10-02T00:00:00.000Z";"2022-10-02T23:59:59.999Z";"2022-10-02T22:27:00.000Z";"2022-10-02T10:26:00.000Z";"2781";282.8950617427;287.3795096934;279.9544451806;284.4330917051;556343467.66;45889655979.06;161337261.09;"2022-10-02T23:59:59.999Z"
"2022-10-01T00:00:00.000Z";"2022-10-01T23:59:59.999Z";"2022-10-01T00:25:00.000Z";"2022-10-01T18:10:00.000Z";"2781";284.2734081441;285.1928745027;278.360895965;282.8719198429;593375648.12;45637780786.73;161337261.09;"2022-10-01T23:59:59.999Z"
"2022-09-30T00:00:00.000Z";"2022-09-30T23:59:59.999Z";"2022-09-30T15:12:00.000Z";"2022-09-30T22:10:00.000Z";"2781";283.8342904312;289.5371130322;280.8930035194;284.1923010784;905481571.88;45850807478.85;161337261.09;"2022-09-30T23:59:59.999Z"
"2022-09-29T00:00:00.000Z";"2022-09-29T23:59:59.999Z";"2022-09-29T04:26:00.000Z";"2022-09-29T13:52:00.000Z";"2781";281.7666640491;285.233755837;277.5006378274;283.7890167392;800888079.6;45785742688.13;161337261.09;"2022-09-29T23:59:59.999Z"
"2022-09-28T00:00:00.000Z";"2022-09-28T23:59:59.999Z";"2022-09-28T21:26:00.000Z";"2022-09-28T02:47:00.000Z";"2781";272.3344390741;283.3424501947;266.9765522779;281.7812072726;857467324.81;45461808208;161337261.09;"2022-09-28T23:59:59.999Z"
"2022-09-27T00:00:00.000Z";"2022-09-27T23:59:59.999Z";"2022-09-27T07:40:00.000Z";"2022-09-27T18:25:00.000Z";"2781";275.9259562548;286.0679919911;270.8220791278;272.4015425359;927431126.57;43948518789.44;161337261.09;"2022-09-27T23:59:59.999Z"
"2022-09-26T00:00:00.000Z";"2022-09-26T23:59:59.999Z";"2022-09-26T09:04:00.000Z";"2022-09-26T05:31:00.000Z";"2781";274.1417922989;276.4469792567;271.1883267287;275.9278501502;716989161.24;44517443601.69;161337261.09;"2022-09-26T23:59:59.999Z"
"2022-09-25T00:00:00.000Z";"2022-09-25T23:59:59.999Z";"2022-09-25T09:09:00.000Z";"2022-09-25T22:07:00.000Z";"2781";275.1043339589;279.2016851722;271.673119295;274.0612444385;640533920.32;44216290548.63;161337261.09;"2022-09-25T23:59:59.999Z"
"2022-09-24T00:00:00.000Z";"2022-09-24T23:59:59.999Z";"2022-09-24T06:05:00.000Z";"2022-09-24T23:59:00.000Z";"2781";276.6270557789;284.6324420515;275.1353868702;275.1353868702;818302597.03;44389589746.59;161337261.09;"2022-09-24T23:59:59.999Z"
"2022-09-23T00:00:00.000Z";"2022-09-23T23:59:59.999Z";"2022-09-23T06:10:00.000Z";"2022-09-23T14:04:00.000Z";"2781";275.4935111398;277.3817047304;269.6694688619;276.6262406865;869618433.07;44630120017.99;161337261.09;"2022-09-23T23:59:59.999Z"
"2022-09-22T00:00:00.000Z";"2022-09-22T23:59:59.999Z";"2022-09-22T23:11:00.000Z";"2022-09-22T00:22:00.000Z";"2781";264.6077714248;275.907664087;264.0280944196;275.5002840146;843345381.07;44448461252.44;161337261.09;"2022-09-22T23:59:59.999Z"
"2022-09-21T00:00:00.000Z";"2022-09-21T23:59:59.999Z";"2022-09-21T18:59:00.000Z";"2022-09-21T22:19:00.000Z";"2781";266.3947427994;275.8335438465;261.2751703454;264.7920770824;1057177277.56;42720828474.81;161337261.09;"2022-09-21T23:59:59.999Z"
"2022-09-20T00:00:00.000Z";"2022-09-20T23:59:59.999Z";"2022-09-20T00:11:00.000Z";"2022-09-20T23:16:00.000Z";"2781";272.1305576187;273.2031330478;265.6932157162;266.3696063283;845702947.25;42975342722.64;161337261.09;"2022-09-20T23:59:59.999Z"
"2022-09-19T00:00:00.000Z";"2022-09-19T23:59:59.999Z";"2022-09-19T23:25:00.000Z";"2022-09-19T07:28:00.000Z";"2781";266.2519302425;272.6191072614;257.1868283463;272.0698119446;1074224922.9;43894998284.41;161337261.09;"2022-09-19T23:59:59.999Z"
"2022-09-18T00:00:00.000Z";"2022-09-18T23:59:59.999Z";"2022-09-18T14:04:00.000Z";"2022-09-18T22:32:00.000Z";"2781";279.2207246182;279.6207533265;264.7436655375;266.3131751122;789437104.81;42966238264.79;161337261.09;"2022-09-18T23:59:59.999Z"
"2022-09-17T00:00:00.000Z";"2022-09-17T23:59:59.999Z";"2022-09-17T23:47:00.000Z";"2022-09-17T00:00:00.000Z";"2781";274.7300095132;279.5317109292;274.7300095132;279.2493322279;560951664.17;45053322422.87;161337261.09;"2022-09-17T23:59:59.999Z"
"2022-09-16T00:00:00.000Z";"2022-09-16T23:59:59.999Z";"2022-09-16T12:01:00.000Z";"2022-09-16T00:19:00.000Z";"2781";270.8122424238;276.2632394664;269.1295242785;274.6545825695;803452433.75;44312018097.58;161337261.09;"2022-09-16T23:59:59.999Z"
"2022-09-15T00:00:00.000Z";"2022-09-15T23:59:59.999Z";"2022-09-15T00:25:00.000Z";"2022-09-15T15:17:00.000Z";"2781";279.3830534378;280.2467881559;268.0102345815;270.8068867732;1080164338.4;43691241396.31;161337261.09;"2022-09-15T23:59:59.999Z"
"2022-09-14T00:00:00.000Z";"2022-09-14T23:59:59.999Z";"2022-09-14T13:49:00.000Z";"2022-09-14T18:18:00.000Z";"2781";277.4133105497;282.15026344;274.8305721751;279.3858648871;956413768.35;45075350228.14;161337261.09;"2022-09-14T23:59:59.999Z"
"2022-09-13T00:00:00.000Z";"2022-09-13T23:59:59.999Z";"2022-09-13T12:26:00.000Z";"2022-09-13T23:22:00.000Z";"2781";293.6492443923;297.6877123146;275.968978209;277.5769280643;1136956066.29;44783501315.67;161337261.09;"2022-09-13T23:59:59.999Z"
"2022-09-12T00:00:00.000Z";"2022-09-12T23:59:59.999Z";"2022-09-12T14:19:00.000Z";"2022-09-12T01:11:00.000Z";"2781";295.1740934511;299.176304292;291.1506958197;293.6587265517;998624527.64;47378094637.04;161337261.09;"2022-09-12T23:59:59.999Z"
"2022-09-11T00:00:00.000Z";"2022-09-11T23:59:59.999Z";"2022-09-11T00:32:00.000Z";"2022-09-11T22:02:00.000Z";"2781";296.919728874;297.8752004037;291.3034914382;295.16187984;700835024.76;47620609271.56;161337261.09;"2022-09-11T23:59:59.999Z"
"2022-09-10T00:00:00.000Z";"2022-09-10T23:59:59.999Z";"2022-09-10T23:37:00.000Z";"2022-09-10T14:04:00.000Z";"2781";293.3950880249;298.4418572731;291.247506053;296.9690400206;851195252.99;47912171545.45;161337261.09;"2022-09-10T23:59:59.999Z"
"2022-09-09T00:00:00.000Z";"2022-09-09T23:59:59.999Z";"2022-09-09T12:43:00.000Z";"2022-09-09T00:07:00.000Z";"2781";280.5370314798;294.9559384128;280.2208112255;293.4071261562;1139680145.88;47337502118.33;161337261.09;"2022-09-09T23:59:59.999Z"
"2022-09-08T00:00:00.000Z";"2022-09-08T23:59:59.999Z";"2022-09-08T15:04:00.000Z";"2022-09-08T07:26:00.000Z";"2781";278.7602364418;282.0633318999;276.0489066565;280.577475372;870477241.95;45267601400.07;161337261.09;"2022-09-08T23:59:59.999Z"
"2022-09-07T00:00:00.000Z";"2022-09-07T23:59:59.999Z";"2022-09-07T21:26:00.000Z";"2022-09-07T02:28:00.000Z";"2781";262.6126259562;279.7638448;259.9939436793;278.7613073482;963734559.52;44974585825.43;161337261.09;"2022-09-07T23:59:59.999Z"
"2022-09-06T00:00:00.000Z";"2022-09-06T23:59:59.999Z";"2022-09-06T01:13:00.000Z";"2022-09-06T23:58:00.000Z";"2781";276.751868008;285.7541813579;262.5975507905;262.6683973118;1173656467.53;42378199797.19;161337261.09;"2022-09-06T23:59:59.999Z"
"2022-09-05T00:00:00.000Z";"2022-09-05T23:59:59.999Z";"2022-09-05T00:07:00.000Z";"2022-09-05T10:49:00.000Z";"2781";278.8544921665;280.6126366414;273.7195269259;276.6859262657;665273780.93;44639749525.86;161337261.09;"2022-09-05T23:59:59.999Z"
"2022-09-04T00:00:00.000Z";"2022-09-04T23:59:59.999Z";"2022-09-04T12:04:00.000Z";"2022-09-04T08:04:00.000Z";"2781";277.7819225142;279.813129815;275.4532276243;278.8418513823;512014471.2;44987580579.3;161337261.09;"2022-09-04T23:59:59.999Z"
"2022-09-03T00:00:00.000Z";"2022-09-03T23:59:59.999Z";"2022-09-03T00:56:00.000Z";"2022-09-03T07:55:00.000Z";"2781";277.4311065953;278.4322881235;274.7754571556;277.7755837164;490102252.68;44815551874.49;161337261.09;"2022-09-03T23:59:59.999Z"
"2022-09-02T00:00:00.000Z";"2022-09-02T23:59:59.999Z";"2022-09-02T14:42:00.000Z";"2022-09-02T20:23:00.000Z";"2781";278.3879602563;282.9059212327;274.4879029;277.4161028901;807053744.98;44757554222.55;161337261.09;"2022-09-02T23:59:59.999Z"
"2022-09-01T00:00:00.000Z";"2022-09-01T23:59:59.999Z";"2022-09-01T02:28:00.000Z";"2022-09-01T14:57:00.000Z";"2781";279.2513297895;280.2213219828;271.4727998714;278.4172251223;954919263.24;44919072541.51;161337261.09;"2022-09-01T23:59:59.999Z"
"2022-08-31T00:00:00.000Z";"2022-08-31T23:59:59.999Z";"2022-08-31T05:34:00.000Z";"2022-08-31T23:43:00.000Z";"2781";281.4564859838;289.7711069974;278.0788059617;279.238093076;952486877.16;45051509128.88;161337261.09;"2022-08-31T23:59:59.999Z"
"2022-08-30T00:00:00.000Z";"2022-08-30T23:59:59.999Z";"2022-08-30T08:19:00.000Z";"2022-08-30T17:22:00.000Z";"2781";286.2152822684;291.6630877339;277.0744784925;281.4253557442;979620742.87;45404396097.05;161337261.09;"2022-08-30T23:59:59.999Z"
"2022-08-29T00:00:00.000Z";"2022-08-29T23:59:59.999Z";"2022-08-29T23:49:00.000Z";"2022-08-29T10:34:00.000Z";"2781";276.2806086656;286.3310101745;272.805967616;286.2214001062;1009161524.62;46178176758.48;161337261.09;"2022-08-29T23:59:59.999Z"
"2022-08-28T00:00:00.000Z";"2022-08-28T23:59:59.999Z";"2022-08-28T16:31:00.000Z";"2022-08-28T23:59:00.000Z";"2781";277.8034240326;283.6283288732;276.2508823832;276.2508823832;758285305.39;44569560737.41;161337261.09;"2022-08-28T23:59:59.999Z"
"2022-08-27T00:00:00.000Z";"2022-08-27T23:59:59.999Z";"2022-08-27T10:31:00.000Z";"2022-08-27T21:59:00.000Z";"2781";279.571827507;283.8501014527;274.5443692765;277.8015667332;962669292.27;44819743903.25;161337261.09;"2022-08-27T23:59:59.999Z"
"2022-08-26T00:00:00.000Z";"2022-08-26T23:59:59.999Z";"2022-08-26T00:00:00.000Z";"2022-08-26T23:49:00.000Z";"2781";301.5560117491;301.5560117491;277.8516497634;279.59818003;1210077085.43;45109604571.79;161337261.09;"2022-08-26T23:59:59.999Z"
"2022-08-25T00:00:00.000Z";"2022-08-25T23:59:59.999Z";"2022-08-25T07:16:00.000Z";"2022-08-25T00:04:00.000Z";"2781";296.4873149604;306.1381588913;296.2020946309;301.5836601374;973529232.64;48656681716.07;161337261.09;"2022-08-25T23:59:59.999Z"
"2022-08-24T00:00:00.000Z";"2022-08-24T23:59:59.999Z";"2022-08-24T20:52:00.000Z";"2022-08-24T01:53:00.000Z";"2781";299.0151069127;299.9586668089;294.7120443881;296.4496759522;935405756.86;47828378769.14;161337261.09;"2022-08-24T23:59:59.999Z"
"2022-08-23T00:00:00.000Z";"2022-08-23T23:59:59.999Z";"2022-08-23T00:31:00.000Z";"2022-08-23T06:31:00.000Z";"2781";300.5709109009;301.195016878;294.3196740761;299.0299255197;1034959890.82;48244669167.3;161337261.09;"2022-08-23T23:59:59.999Z"
"2022-08-22T00:00:00.000Z";"2022-08-22T23:59:59.999Z";"2022-08-22T00:22:00.000Z";"2022-08-22T08:40:00.000Z";"2781";302.0341943956;303.8237924894;289.3067072214;300.5591204509;1463703478.32;48491385289.17;161337261.09;"2022-08-22T23:59:59.999Z"
"2022-08-21T00:00:00.000Z";"2022-08-21T23:59:59.999Z";"2022-08-21T21:25:00.000Z";"2022-08-21T00:00:00.000Z";"2781";283.6391013715;303.657927339;283.6391013715;302.0562814746;1249205606.84;48732933148.16;161337261.09;"2022-08-21T23:59:59.999Z"
"2022-08-20T00:00:00.000Z";"2022-08-20T23:59:59.999Z";"2022-08-20T07:05:00.000Z";"2022-08-20T21:03:00.000Z";"2781";279.6201240002;288.9055164817;278.3320498685;283.6931415237;1315367729.6;45770274443.46;161337261.09;"2022-08-20T23:59:59.999Z"
"2022-08-19T00:00:00.000Z";"2022-08-19T23:59:59.999Z";"2022-08-19T00:01:00.000Z";"2022-08-19T23:48:00.000Z";"2781";298.1527594786;298.1907085628;278.5794227144;279.7187090926;1598319492;45129050400.63;161337261.09;"2022-08-19T23:59:59.999Z"
"2022-08-18T00:00:00.000Z";"2022-08-18T23:59:59.999Z";"2022-08-18T13:04:00.000Z";"2022-08-18T23:26:00.000Z";"2781";306.7964708583;310.1879553006;297.0264193512;298.1412359303;1041814512.81;48101290422.99;161337261.09;"2022-08-18T23:59:59.999Z"
"2022-08-17T00:00:00.000Z";"2022-08-17T23:59:59.999Z";"2022-08-17T05:23:00.000Z";"2022-08-17T21:48:00.000Z";"2781";316.4015972367;323.2359876797;305.33489541;306.6364277989;1111784114;49471881411.5;161337261.09;"2022-08-17T23:59:59.999Z"
"2022-08-16T00:00:00.000Z";"2022-08-16T23:59:59.999Z";"2022-08-16T01:16:00.000Z";"2022-08-16T18:52:00.000Z";"2781";319.7127549877;322.1582820717;312.8060534981;316.4236699587;963072350.55;51050928255.19;161337261.09;"2022-08-16T23:59:59.999Z"
"2022-08-15T00:00:00.000Z";"2022-08-15T23:59:59.999Z";"2022-08-15T03:17:00.000Z";"2022-08-15T08:19:00.000Z";"2781";318.0324795045;326.8336471804;314.8581069675;319.8872907449;1141553085.63;51609739346.29;161337261.09;"2022-08-15T23:59:59.999Z"
"2022-08-14T00:00:00.000Z";"2022-08-14T23:59:59.999Z";"2022-08-14T07:46:00.000Z";"2022-08-14T17:04:00.000Z";"2781";323.9740904764;330.8052847208;316.659257359;317.986619217;936178150.23;51303090207.75;161337261.09;"2022-08-14T23:59:59.999Z"
"2022-08-13T00:00:00.000Z";"2022-08-13T23:59:59.999Z";"2022-08-13T11:22:00.000Z";"2022-08-13T23:44:00.000Z";"2781";327.5741696571;332.5167502236;323.4788895664;323.8701391413;991712327.45;52252321197.9;161337261.09;"2022-08-13T23:59:59.999Z"
"2022-08-12T00:00:00.000Z";"2022-08-12T23:59:59.999Z";"2022-08-12T23:59:00.000Z";"2022-08-12T11:40:00.000Z";"2781";323.7721404553;327.5146757394;318.2651703373;327.5146757394;980643843.49;52840320750.57;161337261.09;"2022-08-12T23:59:59.999Z"
"2022-08-11T00:00:00.000Z";"2022-08-11T23:59:59.999Z";"2022-08-11T01:56:00.000Z";"2022-08-11T23:13:00.000Z";"2781";328.4602089214;334.097236974;322.3075583917;323.8002421655;1511577808.33;52241044211.27;161337261.09;"2022-08-11T23:59:59.999Z"
"2022-08-10T00:00:00.000Z";"2022-08-10T23:59:59.999Z";"2022-08-10T15:07:00.000Z";"2022-08-10T02:43:00.000Z";"2781";324.8590390778;336.2836925669;314.4126015439;328.4711514105;1738218766.81;52994635915.65;161337261.09;"2022-08-10T23:59:59.999Z"
"2022-08-09T00:00:00.000Z";"2022-08-09T23:59:59.999Z";"2022-08-09T23:12:00.000Z";"2022-08-09T14:11:00.000Z";"2781";324.8363660247;327.8254801152;313.4969043395;324.9123275121;1139003043.38;52420465015.19;161337261.09;"2022-08-09T23:59:59.999Z"
"2022-08-08T00:00:00.000Z";"2022-08-08T23:59:59.999Z";"2022-08-08T12:13:00.000Z";"2022-08-08T00:08:00.000Z";"2781";322.9547956516;332.8811158202;322.5393765494;324.8004110255;1318773331.75;52402408715.76;161337261.09;"2022-08-08T23:59:59.999Z"
"2022-08-07T00:00:00.000Z";"2022-08-07T23:59:59.999Z";"2022-08-07T16:43:00.000Z";"2022-08-07T01:25:00.000Z";"2781";315.1231020058;325.1716729067;309.0248831129;322.9211348581;1012978418.84;52099211446.08;161337261.09;"2022-08-07T23:59:59.999Z"
"2022-08-06T00:00:00.000Z";"2022-08-06T23:59:59.999Z";"2022-08-06T17:51:00.000Z";"2022-08-06T04:19:00.000Z";"2781";315.1969788037;321.839689836;313.7336363944;315.0688974049;1151509385.37;50832352961.96;161337261.09;"2022-08-06T23:59:59.999Z"
"2022-08-05T00:00:00.000Z";"2022-08-05T23:59:59.999Z";"2022-08-05T09:15:00.000Z";"2022-08-05T01:01:00.000Z";"2781";310.6936172003;320.9565906499;308.6068083687;315.1855475769;1585061397.7;50851172981.21;161337261.09;"2022-08-05T23:59:59.999Z"
"2022-08-04T00:00:00.000Z";"2022-08-04T23:59:59.999Z";"2022-08-04T22:43:00.000Z";"2022-08-04T00:05:00.000Z";"2781";298.3701114634;312.7481095914;297.4320433005;310.7060488615;1926587000.95;50128462927.42;161337261.09;"2022-08-04T23:59:59.999Z"
"2022-08-03T00:00:00.000Z";"2022-08-03T23:59:59.999Z";"2022-08-03T18:50:00.000Z";"2022-08-03T01:04:00.000Z";"2781";283.8738430731;305.1868476415;278.8118372841;298.3567865115;2133584479.62;48136066763.38;161337261.09;"2022-08-03T23:59:59.999Z"
"2022-08-02T00:00:00.000Z";"2022-08-02T23:59:59.999Z";"2022-08-02T16:45:00.000Z";"2022-08-02T04:46:00.000Z";"2781";283.4763394494;290.5367729739;274.8204623927;283.8209927934;1768344106.46;45790901617.14;161337261.09;"2022-08-02T23:59:59.999Z"
"2022-08-01T00:00:00.000Z";"2022-08-01T23:59:59.999Z";"2022-08-01T02:07:00.000Z";"2022-08-01T18:50:00.000Z";"2781";283.6294951458;290.0847878472;278.3435478532;283.5394766483;1314157613.66;45745482573.34;161337261.09;"2022-08-01T23:59:59.999Z"
"2022-07-31T00:00:00.000Z";"2022-07-31T23:59:59.999Z";"2022-07-31T18:16:00.000Z";"2022-07-31T22:56:00.000Z";"2781";287.5772502875;296.2102084503;282.6093215133;283.5794728597;1313531523.06;45751935452.54;161337261.09;"2022-07-31T23:59:59.999Z"
"2022-07-30T00:00:00.000Z";"2022-07-30T23:59:59.999Z";"2022-07-30T16:07:00.000Z";"2022-07-30T23:31:00.000Z";"2781";293.9151009003;299.7239742555;285.4088087495;287.5361343069;1578905326.99;46390292373.49;161337261.09;"2022-07-30T23:59:59.999Z"
"2022-07-29T00:00:00.000Z";"2022-07-29T23:59:59.999Z";"2022-07-29T18:16:00.000Z";"2022-07-29T01:46:00.000Z";"2781";277.314105617;301.2096954643;275.3043496907;293.9533237966;2562325487.92;47425624149.65;161337261.09;"2022-07-29T23:59:59.999Z"
"2022-07-28T00:00:00.000Z";"2022-07-28T23:59:59.999Z";"2022-07-28T20:42:00.000Z";"2022-07-28T12:34:00.000Z";"2781";271.5153410423;280.1273807359;264.7390907059;277.2939226187;1648592411.8;44737841992.21;161337261.09;"2022-07-28T23:59:59.999Z"
"2022-07-27T00:00:00.000Z";"2022-07-27T23:59:59.999Z";"2022-07-27T23:59:00.000Z";"2022-07-27T00:52:00.000Z";"2781";249.0158019126;271.5043746957;247.8041095021;271.5043746957;1405510236.64;43803772187.37;161337261.09;"2022-07-27T23:59:59.999Z"
"2022-07-26T00:00:00.000Z";"2022-07-26T23:59:59.999Z";"2022-07-26T23:59:00.000Z";"2022-07-26T15:56:00.000Z";"2781";245.123669891;248.9583674774;240.1133016089;248.9583674774;926779355.22;40166261134.24;161337261.09;"2022-07-26T23:59:59.999Z"
"2022-07-25T00:00:00.000Z";"2022-07-25T23:59:59.999Z";"2022-07-25T00:19:00.000Z";"2022-07-25T23:59:00.000Z";"2781";261.841013486;262.4361215444;245.1484926224;245.1484926224;1005244476.14;39551586360.04;161337261.09;"2022-07-25T23:59:59.999Z"
"2022-07-24T00:00:00.000Z";"2022-07-24T23:59:59.999Z";"2022-07-24T22:48:00.000Z";"2022-07-24T01:52:00.000Z";"2781";259.4738735332;265.8866834745;257.4329473121;261.8648738861;913146574.11;42248561528.47;161337261.09;"2022-07-24T23:59:59.999Z"
"2022-07-23T00:00:00.000Z";"2022-07-23T23:59:59.999Z";"2022-07-23T08:46:00.000Z";"2022-07-23T19:17:00.000Z";"2781";262.7201399437;271.6138560683;253.2238606932;259.4630008624;1108172503.53;41861049913.34;161337261.09;"2022-07-23T23:59:59.999Z"
"2022-07-22T00:00:00.000Z";"2022-07-22T23:59:59.999Z";"2022-07-22T09:17:00.000Z";"2022-07-22T20:01:00.000Z";"2781";265.4770257353;271.151976454;261.6124668426;262.8774563265;1173778496.41;42411928806.02;161337261.09;"2022-07-22T23:59:59.999Z"
"2022-07-21T00:00:00.000Z";"2022-07-21T23:59:59.999Z";"2022-07-21T23:35:00.000Z";"2022-07-21T04:11:00.000Z";"2781";258.340108899;265.9075276031;251.5456561868;265.4625397605;1220055524.93;42828999086.96;161337261.09;"2022-07-21T23:59:59.999Z"
"2022-07-20T00:00:00.000Z";"2022-07-20T23:59:59.999Z";"2022-07-20T15:04:00.000Z";"2022-07-20T23:19:00.000Z";"2781";268.772695231;271.790256446;256.9964874806;258.3387908557;1675018361.6;41679672949.97;161337261.09;"2022-07-20T23:59:59.999Z"
"2022-07-19T00:00:00.000Z";"2022-07-19T23:59:59.999Z";"2022-07-19T19:16:00.000Z";"2022-07-19T04:17:00.000Z";"2781";264.4949429181;274.2436536305;256.6991756433;268.8173084849;1925805445.79;43370248284.55;161337261.09;"2022-07-19T23:59:59.999Z"
"2022-07-18T00:00:00.000Z";"2022-07-18T23:59:59.999Z";"2022-07-18T23:59:00.000Z";"2022-07-18T00:02:00.000Z";"2781";247.8344659793;264.8860463871;247.8218160564;264.8860463871;1632324535.76;43249792275.79;163276974.63;"2022-07-18T23:59:59.999Z"
"2022-07-17T00:00:00.000Z";"2022-07-17T23:59:59.999Z";"2022-07-17T07:13:00.000Z";"2022-07-17T01:23:00.000Z";"2781";249.6408006775;255.2965010136;246.9507997292;247.8484749346;1050861668.88;40467949153.98;163276974.63;"2022-07-17T23:59:59.999Z"
"2022-07-16T00:00:00.000Z";"2022-07-16T23:59:59.999Z";"2022-07-16T23:01:00.000Z";"2022-07-16T07:55:00.000Z";"2781";238.5590694508;250.7587596446;234.1176774631;249.5938786384;1030985968.05;40752933390.25;163276974.63;"2022-07-16T23:59:59.999Z"
"2022-07-15T00:00:00.000Z";"2022-07-15T23:59:59.999Z";"2022-07-15T20:29:00.000Z";"2022-07-15T01:22:00.000Z";"2781";238.2266259411;241.8334209552;235.6831485807;238.5739857651;1151260376.01;38953638621.15;163276974.63;"2022-07-15T23:59:59.999Z"
"2022-07-14T00:00:00.000Z";"2022-07-14T23:59:59.999Z";"2022-07-14T18:04:00.000Z";"2022-07-14T09:42:00.000Z";"2781";230.5123346235;239.6601565986;227.5799071062;238.1644710044;1609361574.42;38886774289.96;163276974.63;"2022-07-14T23:59:59.999Z"
"2022-07-13T00:00:00.000Z";"2022-07-13T23:59:59.999Z";"2022-07-13T23:58:00.000Z";"2022-07-13T13:31:00.000Z";"2781";220.4924139187;230.538705168;216.8168021426;230.5247685628;1431776141.87;37639386788.21;163276974.63;"2022-07-13T23:59:59.999Z"
"2022-07-12T00:00:00.000Z";"2022-07-12T23:59:59.999Z";"2022-07-12T16:40:00.000Z";"2022-07-12T23:59:00.000Z";"2781";225.8683986261;228.1908481827;220.4645614377;220.4645614377;1140033692.19;35996786604.69;163276974.63;"2022-07-12T23:59:59.999Z"
"2022-07-11T00:00:00.000Z";"2022-07-11T23:59:59.999Z";"2022-07-11T01:11:00.000Z";"2022-07-11T23:05:00.000Z";"2781";234.5993611162;234.6499264356;225.5014119764;225.8585065417;1021066311.09;36877493642.58;163276974.63;"2022-07-11T23:59:59.999Z"
"2022-07-10T00:00:00.000Z";"2022-07-10T23:59:59.999Z";"2022-07-10T00:04:00.000Z";"2022-07-10T16:16:00.000Z";"2781";243.2509366266;243.3271372446;232.1019675025;234.655584309;881096012.58;38313853886.01;163276974.63;"2022-07-10T23:59:59.999Z"
"2022-07-09T00:00:00.000Z";"2022-07-09T23:59:59.999Z";"2022-07-09T08:57:00.000Z";"2022-07-09T00:01:00.000Z";"2781";240.756571636;244.6934607686;240.6688297858;243.2410739104;851653424.48;39715666653.85;163276974.63;"2022-07-09T23:59:59.999Z"
"2022-07-08T00:00:00.000Z";"2022-07-08T23:59:59.999Z";"2022-07-08T01:31:00.000Z";"2022-07-08T09:12:00.000Z";"2781";241.5444389217;246.6830073727;237.1403922135;240.7507183657;1341618379.99;39309048934.76;163276974.63;"2022-07-08T23:59:59.999Z"
"2022-07-07T00:00:00.000Z";"2022-07-07T23:59:59.999Z";"2022-07-07T19:50:00.000Z";"2022-07-07T13:28:00.000Z";"2781";238.5029624458;243.3028870042;235.4366009602;241.5445133866;1108137930.19;39438657384.24;163276974.63;"2022-07-07T23:59:59.999Z"
"2022-07-06T00:00:00.000Z";"2022-07-06T23:59:59.999Z";"2022-07-06T22:13:00.000Z";"2022-07-06T02:39:00.000Z";"2781";230.9110885993;239.490596946;229.2979296617;238.4999374095;1266715663.97;38941548229.67;163276974.63;"2022-07-06T23:59:59.999Z"
"2022-07-05T00:00:00.000Z";"2022-07-05T23:59:59.999Z";"2022-07-05T06:29:00.000Z";"2022-07-05T15:13:00.000Z";"2781";231.4841223739;235.7591537414;223.2283854068;230.8463541188;1310031376.9;37691894304.9;163276974.63;"2022-07-05T23:59:59.999Z"
"2022-07-04T00:00:00.000Z";"2022-07-04T23:59:59.999Z";"2022-07-04T23:52:00.000Z";"2022-07-04T03:04:00.000Z";"2781";218.9786121122;231.7682098697;215.2137248106;231.5741335052;1039372640.31;37810723921.29;163276974.63;"2022-07-04T23:59:59.999Z"
"2022-07-03T00:00:00.000Z";"2022-07-03T23:59:59.999Z";"2022-07-03T20:31:00.000Z";"2022-07-03T15:58:00.000Z";"2781";218.0475781757;219.788715119;214.464491512;218.9803136147;724525676.33;35754443110.54;163276974.63;"2022-07-03T23:59:59.999Z"
"2022-07-02T00:00:00.000Z";"2022-07-02T23:59:59.999Z";"2022-07-02T22:25:00.000Z";"2022-07-02T03:43:00.000Z";"2781";216.2319813074;219.422010062;214.2104438315;218.0352249784;767361242.52;35600131897.25;163276974.63;"2022-07-02T23:59:59.999Z"
"2022-07-01T00:00:00.000Z";"2022-07-01T23:59:59.999Z";"2022-07-01T02:28:00.000Z";"2022-07-01T14:40:00.000Z";"2781";219.5289969503;226.3796299893;213.6656295493;216.0154629821;1234215933.52;35270351269.03;163276974.63;"2022-07-01T23:59:59.999Z"
"2022-06-30T00:00:00.000Z";"2022-06-30T23:59:59.999Z";"2022-06-30T00:16:00.000Z";"2022-06-30T09:31:00.000Z";"2781";219.3875733312;219.8870724379;205.9266705073;219.3000982095;1088852064.79;35806656571.72;163276974.63;"2022-06-30T23:59:59.999Z"
"2022-06-29T00:00:00.000Z";"2022-06-29T23:59:59.999Z";"2022-06-29T02:56:00.000Z";"2022-06-29T13:47:00.000Z";"2781";226.9046049928;229.4347114792;215.9478202469;219.2844762051;1062609997.23;35804105858.09;163276974.63;"2022-06-29T23:59:59.999Z"
"2022-06-28T00:00:00.000Z";"2022-06-28T23:59:59.999Z";"2022-06-28T15:16:00.000Z";"2022-06-28T23:52:00.000Z";"2781";233.5728453796;241.4232508178;226.150095907;226.9273437313;1082126614.93;37052010145.28;163276974.63;"2022-06-28T23:59:59.999Z"
"2022-06-27T00:00:00.000Z";"2022-06-27T23:59:59.999Z";"2022-06-27T09:04:00.000Z";"2022-06-27T14:43:00.000Z";"2781";233.8336646924;240.6182064091;230.5070842347;233.6540279115;841135241.66;38150322787.5;163276974.63;"2022-06-27T23:59:59.999Z"
"2022-06-26T00:00:00.000Z";"2022-06-26T23:59:59.999Z";"2022-06-26T12:10:00.000Z";"2022-06-26T23:46:00.000Z";"2781";239.6125787627;244.6654675171;233.6321921271;233.8587483906;823875889.86;38183748927.98;163276974.63;"2022-06-26T23:59:59.999Z"
"2022-06-25T00:00:00.000Z";"2022-06-25T23:59:59.999Z";"2022-06-25T07:32:00.000Z";"2022-06-25T15:58:00.000Z";"2781";240.2621688391;241.4977199541;230.4462162888;239.6906556795;915553553.8;39135965106.44;163276974.63;"2022-06-25T23:59:59.999Z"
"2022-06-24T00:00:00.000Z";"2022-06-24T23:59:59.999Z";"2022-06-24T22:22:00.000Z";"2022-06-24T01:08:00.000Z";"2781";228.9228645593;242.8162511868;228.6300304325;240.238312142;1127877900.64;39225384796.77;163276974.63;"2022-06-24T23:59:59.999Z"
"2022-06-23T00:00:00.000Z";"2022-06-23T23:59:59.999Z";"2022-06-23T20:16:00.000Z";"2022-06-23T00:00:00.000Z";"2781";214.2310346593;229.7714270522;214.2310346593;228.9537500738;1148541185.49;37382875642.25;163276974.63;"2022-06-23T23:59:59.999Z"
"2022-06-22T00:00:00.000Z";"2022-06-22T23:59:59.999Z";"2022-06-22T14:34:00.000Z";"2022-06-22T08:07:00.000Z";"2781";219.6733958422;220.5269339883;211.5919280118;214.2619188576;1050984086.2;34984037889.49;163276974.63;"2022-06-22T23:59:59.999Z"
"2022-06-21T00:00:00.000Z";"2022-06-21T23:59:59.999Z";"2022-06-21T14:54:00.000Z";"2022-06-21T00:34:00.000Z";"2781";216.901112059;227.6422072361;213.5508053949;219.4986229581;1165714518.04;35839071092.05;163276974.63;"2022-06-21T23:59:59.999Z"
"2022-06-20T00:00:00.000Z";"2022-06-20T23:59:59.999Z";"2022-06-20T15:08:00.000Z";"2022-06-20T07:43:00.000Z";"2781";214.879739587;218.0797112611;205.1668192125;216.9342657965;1235838900.1;35420370612.84;163276974.63;"2022-06-20T23:59:59.999Z"
"2022-06-19T00:00:00.000Z";"2022-06-19T23:59:59.999Z";"2022-06-19T22:28:00.000Z";"2022-06-19T05:42:00.000Z";"2781";196.9558014139;216.0824802032;190.1214867593;214.9205328426;1333254615.27;35091574388.42;163276974.63;"2022-06-19T23:59:59.999Z"
"2022-06-18T00:00:00.000Z";"2022-06-18T23:59:59.999Z";"2022-06-18T00:37:00.000Z";"2022-06-18T20:13:00.000Z";"2781";215.8156132274;218.5502084269;184.5400570331;197.042999127;1579731402.2;32172584769.48;163276974.63;"2022-06-18T23:59:59.999Z"
"2022-06-17T00:00:00.000Z";"2022-06-17T23:59:59.999Z";"2022-06-17T07:46:00.000Z";"2022-06-17T00:41:00.000Z";"2781";209.7086749148;221.6413392015;208.1029202224;215.8918041537;1108538873.58;35250160629.64;163276974.63;"2022-06-17T23:59:59.999Z"
"2022-06-16T00:00:00.000Z";"2022-06-16T23:59:59.999Z";"2022-06-16T00:10:00.000Z";"2022-06-16T23:25:00.000Z";"2781";233.4678592623;236.3285372751;208.0656032843;209.5387431736;1483212956.79;34212852053.16;163276974.63;"2022-06-16T23:59:59.999Z"
"2022-06-15T00:00:00.000Z";"2022-06-15T23:59:59.999Z";"2022-06-15T23:25:00.000Z";"2022-06-15T09:52:00.000Z";"2781";223.1894360721;234.0170827823;199.2922261495;233.3967156468;2244407305.43;38108309619.39;163276974.63;"2022-06-15T23:59:59.999Z"
"2022-06-14T00:00:00.000Z";"2022-06-14T23:59:59.999Z";"2022-06-14T07:54:00.000Z";"2022-06-14T02:07:00.000Z";"2781";222.5521996641;230.3656264658;205.3931724752;223.2212546189;2027226914.19;36446891127.3;163276974.63;"2022-06-14T23:59:59.999Z"
"2022-06-13T00:00:00.000Z";"2022-06-13T23:59:59.999Z";"2022-06-13T00:37:00.000Z";"2022-06-13T14:52:00.000Z";"2781";255.6677200035;256.8543058302;214.6053017525;222.5057890322;2471570710.47;36330072070.84;163276974.63;"2022-06-13T23:59:59.999Z"
"2022-06-12T00:00:00.000Z";"2022-06-12T23:59:59.999Z";"2022-06-12T00:46:00.000Z";"2022-06-12T05:37:00.000Z";"2781";269.6625590861;271.3798721222;251.9914389201;255.9508801377;1380200464.64;41790885362.78;163276974.63;"2022-06-12T23:59:59.999Z"
"2022-06-11T00:00:00.000Z";"2022-06-11T23:59:59.999Z";"2022-06-11T05:10:00.000Z";"2022-06-11T15:43:00.000Z";"2781";286.1053717122;290.3718056575;265.6297779022;269.4869852536;1220361307.15;44001019654.37;163276974.63;"2022-06-11T23:59:59.999Z"
"2022-06-10T00:00:00.000Z";"2022-06-10T23:59:59.999Z";"2022-06-10T15:04:00.000Z";"2022-06-10T19:07:00.000Z";"2781";289.8885737936;297.2312929421;283.4785528409;286.0466990605;1362797648.1;46704839625.51;163276974.63;"2022-06-10T23:59:59.999Z"
"2022-06-09T00:00:00.000Z";"2022-06-09T23:59:59.999Z";"2022-06-09T09:37:00.000Z";"2022-06-09T00:35:00.000Z";"2781";288.6175415151;292.9806657045;286.4792828164;289.9196410525;800984463.66;47337201876.87;163276974.63;"2022-06-09T23:59:59.999Z"
"2022-06-08T00:00:00.000Z";"2022-06-08T23:59:59.999Z";"2022-06-08T13:58:00.000Z";"2022-06-08T03:46:00.000Z";"2781";290.2988417167;294.0399611094;284.3733074385;288.6160951542;1136631691.61;47124362846.3;163276974.63;"2022-06-08T23:59:59.999Z"
"2022-06-07T00:00:00.000Z";"2022-06-07T23:59:59.999Z";"2022-06-07T00:00:00.000Z";"2022-06-07T11:28:00.000Z";"2781";295.3734043246;295.3734043246;274.4277643902;290.3411206309;1752763456.31;47406019787.29;163276974.63;"2022-06-07T23:59:59.999Z"
"2022-06-06T00:00:00.000Z";"2022-06-06T23:59:59.999Z";"2022-06-06T08:43:00.000Z";"2022-06-06T20:13:00.000Z";"2781";298.9846018342;311.699710055;289.4282944589;295.396021076;1470941103.3;48231368639.04;163276974.63;"2022-06-06T23:59:59.999Z"
"2022-06-05T00:00:00.000Z";"2022-06-05T23:59:59.999Z";"2022-06-05T20:14:00.000Z";"2022-06-05T14:05:00.000Z";"2781";301.597910305;301.9407513865;295.4252548532;298.9347247909;779603320.74;48809157475.71;163276974.63;"2022-06-05T23:59:59.999Z"
"2022-06-04T00:00:00.000Z";"2022-06-04T23:59:59.999Z";"2022-06-04T22:23:00.000Z";"2022-06-04T02:31:00.000Z";"2781";298.5028294951;302.6377796799;295.2838969135;301.6311388661;805954970.38;49249419808.26;163276974.63;"2022-06-04T23:59:59.999Z"
"2022-06-03T00:00:00.000Z";"2022-06-03T23:59:59.999Z";"2022-06-03T02:04:00.000Z";"2022-06-03T15:13:00.000Z";"2781";308.1941761469;309.8567309522;293.8630617216;298.3978899002;1115211126.99;48721504698.89;163276974.63;"2022-06-03T23:59:59.999Z"
"2022-06-02T00:00:00.000Z";"2022-06-02T23:59:59.999Z";"2022-06-02T23:31:00.000Z";"2022-06-02T00:25:00.000Z";"2781";300.4664641602;309.0409042137;298.6711886467;308.1017823;1228180850.44;50305926892.06;163276974.63;"2022-06-02T23:59:59.999Z"
"2022-06-01T00:00:00.000Z";"2022-06-01T23:59:59.999Z";"2022-06-01T00:58:00.000Z";"2022-06-01T22:16:00.000Z";"2781";320.4720304916;323.8850595571;297.9686040178;300.5040453013;1763624947.42;49065391380.88;163276974.63;"2022-06-01T23:59:59.999Z"
"2022-05-31T00:00:00.000Z";"2022-05-31T23:59:59.999Z";"2022-05-31T17:10:00.000Z";"2022-05-31T14:07:00.000Z";"2781";321.7203074521;323.7013473715;314.2755231129;320.4851088537;1711532960.09;52327838987.6;163276974.63;"2022-05-31T23:59:59.999Z"
"2022-05-30T00:00:00.000Z";"2022-05-30T23:59:59.999Z";"2022-05-30T23:14:00.000Z";"2022-05-30T00:13:00.000Z";"2781";305.9440890247;323.2577792853;304.3365895981;321.7528836406;2064357374.57;52534837419.32;163276974.63;"2022-05-30T23:59:59.999Z"
"2022-05-29T00:00:00.000Z";"2022-05-29T23:59:59.999Z";"2022-05-29T00:13:00.000Z";"2022-05-29T04:28:00.000Z";"2781";307.7525350249;307.9443815395;299.3061762254;305.9750587312;1208835000.31;49958681901.87;163276974.63;"2022-05-29T23:59:59.999Z"
"2022-05-28T00:00:00.000Z";"2022-05-28T23:59:59.999Z";"2022-05-28T23:47:00.000Z";"2022-05-28T03:07:00.000Z";"2781";302.435016372;309.2090549252;297.7169218733;307.8154343354;1471633413.23;50259172862.7;163276974.63;"2022-05-28T23:59:59.999Z"
"2022-05-27T00:00:00.000Z";"2022-05-27T23:59:59.999Z";"2022-05-27T12:52:00.000Z";"2022-05-27T06:08:00.000Z";"2781";304.7908214721;308.8649246807;292.1418802273;300.9720365734;2593113823.89;49141803579.94;163276974.63;"2022-05-27T23:59:59.999Z"
"2022-05-26T00:00:00.000Z";"2022-05-26T23:59:59.999Z";"2022-05-26T03:04:00.000Z";"2022-05-26T13:19:00.000Z";"2781";325.7552907476;330.8923376603;298.786599254;304.9639197099;2686414042.89;49793586181.54;163276974.63;"2022-05-26T23:59:59.999Z"
"2022-05-25T00:00:00.000Z";"2022-05-25T23:59:59.999Z";"2022-05-25T03:01:00.000Z";"2022-05-25T16:37:00.000Z";"2781";328.1956883443;336.6660417065;324.5485448818;325.7348057594;2008481371.74;53184993616.09;163276974.63;"2022-05-25T23:59:59.999Z"
"2022-05-24T00:00:00.000Z";"2022-05-24T23:59:59.999Z";"2022-05-24T22:19:00.000Z";"2022-05-24T14:16:00.000Z";"2781";316.8508326727;329.8186765806;313.5508962991;328.1893458494;2002782969.1;53585763496.1;163276974.63;"2022-05-24T23:59:59.999Z"
"2022-05-23T00:00:00.000Z";"2022-05-23T23:59:59.999Z";"2022-05-23T16:25:00.000Z";"2022-05-23T23:20:00.000Z";"2781";319.5171331156;336.3075341839;316.3497439954;316.7605566019;2228144099.35;51719705364.07;163276974.63;"2022-05-23T23:59:59.999Z"
"2022-05-22T00:00:00.000Z";"2022-05-22T23:59:59.999Z";"2022-05-22T10:04:00.000Z";"2022-05-22T00:16:00.000Z";"2781";312.4880427829;322.8570149236;311.8273197403;319.6090119232;1604297405.63;52184792531.31;163276974.63;"2022-05-22T23:59:59.999Z"
"2022-05-21T00:00:00.000Z";"2022-05-21T23:59:59.999Z";"2022-05-21T19:06:00.000Z";"2022-05-21T01:31:00.000Z";"2781";302.3659230751;313.6601536941;300.1300792278;312.4660333799;1318736979.28;51018508604.91;163276974.63;"2022-05-21T23:59:59.999Z"
"2022-05-20T00:00:00.000Z";"2022-05-20T23:59:59.999Z";"2022-05-20T12:03:00.000Z";"2022-05-20T16:48:00.000Z";"2781";306.7810729143;315.2738655412;294.7608129955;302.3592139932;1756670714.17;49368297712.32;163276974.63;"2022-05-20T23:59:59.999Z"
"2022-05-19T00:00:00.000Z";"2022-05-19T23:59:59.999Z";"2022-05-19T15:50:00.000Z";"2022-05-19T02:16:00.000Z";"2781";287.4504850019;307.959799139;287.2145925867;306.791561173;1646882950.02;50091997950.35;163276974.63;"2022-05-19T23:59:59.999Z"
"2022-05-18T00:00:00.000Z";"2022-05-18T23:59:59.999Z";"2022-05-18T00:22:00.000Z";"2022-05-18T23:59:00.000Z";"2781";305.9898772254;307.7114712272;287.4387925172;287.4387925172;1520090732.21;46932136433.51;163276974.63;"2022-05-18T23:59:59.999Z"
"2022-05-17T00:00:00.000Z";"2022-05-17T23:59:59.999Z";"2022-05-17T13:46:00.000Z";"2022-05-17T18:36:00.000Z";"2781";297.6993210351;310.1944699201;296.9617959586;305.9634416148;1584497814.56;49956785094.26;163276974.63;"2022-05-17T23:59:59.999Z"
"2022-05-16T00:00:00.000Z";"2022-05-16T23:59:59.999Z";"2022-05-16T00:01:00.000Z";"2022-05-16T07:16:00.000Z";"2781";312.0841453734;312.1442629127;290.4618143449;297.7101276258;1754184297.64;48609208955.46;163276974.63;"2022-05-16T23:59:59.999Z"
"2022-05-15T00:00:00.000Z";"2022-05-15T23:59:59.999Z";"2022-05-15T23:55:00.000Z";"2022-05-15T03:32:00.000Z";"2781";297.3973584611;312.1765590667;286.6437536943;312.0077300317;1611088257.05;50943678220.76;163276974.63;"2022-05-15T23:59:59.999Z"
"2022-05-14T00:00:00.000Z";"2022-05-14T23:59:59.999Z";"2022-05-14T01:52:00.000Z";"2022-05-14T14:10:00.000Z";"2781";290.6180769737;298.8028677015;272.6511466066;297.3875953486;1884570403.53;48556546861.02;163276974.63;"2022-05-14T23:59:59.999Z"
"2022-05-13T00:00:00.000Z";"2022-05-13T23:59:59.999Z";"2022-05-13T14:43:00.000Z";"2022-05-13T00:25:00.000Z";"2781";269.1427382186;312.6887963473;265.7095909839;290.5841840398;2774121165.18;47445706445.34;163276974.63;"2022-05-13T23:59:59.999Z"
"2022-05-12T00:00:00.000Z";"2022-05-12T23:59:59.999Z";"2022-05-12T15:10:00.000Z";"2022-05-12T07:19:00.000Z";"2781";269.8880071712;283.4751129633;216.3615019615;269.4072613274;4739990236.87;43988002572.9;163276974.63;"2022-05-12T23:59:59.999Z"
"2022-05-11T00:00:00.000Z";"2022-05-11T23:59:59.999Z";"2022-05-11T00:26:00.000Z";"2022-05-11T21:31:00.000Z";"2781";319.1227821407;322.7668151235;262.6204481611;269.9627747262;3870618667.74;44078705120.02;163276974.63;"2022-05-11T23:59:59.999Z"
"2022-05-10T00:00:00.000Z";"2022-05-10T23:59:59.999Z";"2022-05-10T06:46:00.000Z";"2022-05-10T00:33:00.000Z";"2781";298.8207214074;332.438829335;290.5867868108;319.3269688818;3210603808.6;52138741396.8;163276974.63;"2022-05-10T23:59:59.999Z"
"2022-05-09T00:00:00.000Z";"2022-05-09T23:59:59.999Z";"2022-05-09T00:46:00.000Z";"2022-05-09T23:59:00.000Z";"2781";355.3774116841;358.9507148463;299.3489420334;299.3489420334;2943374129.39;48876789613.91;163276974.63;"2022-05-09T23:59:59.999Z"
"2022-05-08T00:00:00.000Z";"2022-05-08T23:59:59.999Z";"2022-05-08T00:14:00.000Z";"2022-05-08T17:43:00.000Z";"2781";365.7330134101;366.5095932404;351.1437612175;355.3987292466;1875845651.19;58028429298.74;163276974.63;"2022-05-08T23:59:59.999Z"
"2022-05-07T00:00:00.000Z";"2022-05-07T23:59:59.999Z";"2022-05-07T00:17:00.000Z";"2022-05-07T22:56:00.000Z";"2781";379.288184528;380.3874268846;361.1955950748;365.684107329;1527960118.99;59707794714.96;163276974.63;"2022-05-07T23:59:59.999Z"
"2022-05-06T00:00:00.000Z";"2022-05-06T23:59:59.999Z";"2022-05-06T15:25:00.000Z";"2022-05-06T13:49:00.000Z";"2781";378.7567531857;382.6811037613;371.9733412121;379.3042764397;1834770715.6;61931654721.29;163276974.63;"2022-05-06T23:59:59.999Z"
"2022-05-05T00:00:00.000Z";"2022-05-05T23:59:59.999Z";"2022-05-05T10:46:00.000Z";"2022-05-05T19:19:00.000Z";"2781";402.4652128779;412.4003743177;372.552766844;378.7736196361;2389487319.27;61845010683.84;163276974.63;"2022-05-05T23:59:59.999Z"
"2022-05-04T00:00:00.000Z";"2022-05-04T23:59:59.999Z";"2022-05-04T20:40:00.000Z";"2022-05-04T00:05:00.000Z";"2781";383.4835433014;402.8627111785;383.428050591;402.5026520588;1714496792.44;65719415308.72;163276974.63;"2022-05-04T23:59:59.999Z"
"2022-05-03T00:00:00.000Z";"2022-05-03T23:59:59.999Z";"2022-05-03T02:22:00.000Z";"2022-05-03T20:25:00.000Z";"2781";389.6341503756;391.7547749411;380.3462192787;383.475797826;1295877764.76;62612768112.86;163276974.63;"2022-05-03T23:59:59.999Z"
"2022-05-02T00:00:00.000Z";"2022-05-02T23:59:59.999Z";"2022-05-02T06:08:00.000Z";"2022-05-02T18:17:00.000Z";"2781";390.2612679294;392.2166912696;382.7744097749;389.6706530239;1388077916.83;63624245327.85;163276974.63;"2022-05-02T23:59:59.999Z"
"2022-05-01T00:00:00.000Z";"2022-05-01T23:59:59.999Z";"2022-05-01T23:29:00.000Z";"2022-05-01T01:37:00.000Z";"2781";377.7656539101;391.0769868717;377.2899435599;390.2819754682;1553846705.53;63724060207.07;163276974.63;"2022-05-01T23:59:59.999Z"
"2022-04-30T00:00:00.000Z";"2022-04-30T23:59:59.999Z";"2022-04-30T07:02:00.000Z";"2022-04-30T23:59:00.000Z";"2781";392.9985356123;399.5930709639;377.7678267306;377.7678267306;1467605770.29;61680787861.13;163276974.63;"2022-04-30T23:59:59.999Z"
"2022-04-29T00:00:00.000Z";"2022-04-29T23:59:59.999Z";"2022-04-29T01:31:00.000Z";"2022-04-29T19:55:00.000Z";"2781";406.6417339452;410.1757734671;390.5399627361;393.062153561;1928209754.42;64177999275;163276974.63;"2022-04-29T23:59:59.999Z"
"2022-04-28T00:00:00.000Z";"2022-04-28T23:59:59.999Z";"2022-04-28T23:01:00.000Z";"2022-04-28T05:46:00.000Z";"2781";391.4386475392;408.2324651979;388.8776680462;406.7182034967;2116381172.34;66407717793.9;163276974.63;"2022-04-28T23:59:59.999Z"
"2022-04-27T00:00:00.000Z";"2022-04-27T23:59:59.999Z";"2022-04-27T08:22:00.000Z";"2022-04-27T00:49:00.000Z";"2781";385.5621789442;394.4585290213;384.0776990418;391.4458336032;1512587368.66;63914091442.25;163276974.63;"2022-04-27T23:59:59.999Z"
"2022-04-26T00:00:00.000Z";"2022-04-26T23:59:59.999Z";"2022-04-26T00:37:00.000Z";"2022-04-26T23:22:00.000Z";"2781";404.2688485802;407.0844957657;382.0809818724;385.4830597325;1671963897.79;62940507764.24;163276974.63;"2022-04-26T23:59:59.999Z"
"2022-04-25T00:00:00.000Z";"2022-04-25T23:59:59.999Z";"2022-04-25T23:43:00.000Z";"2022-04-25T09:25:00.000Z";"2781";399.1298993433;404.8738896613;383.1906843156;404.3502823184;1910707893.13;66021090787.74;163276974.63;"2022-04-25T23:59:59.999Z"
"2022-04-24T00:00:00.000Z";"2022-04-24T23:59:59.999Z";"2022-04-24T06:31:00.000Z";"2022-04-24T16:55:00.000Z";"2781";401.5250103921;405.4305726922;398.346611914;399.1053815699;1222468478.95;65164719261.28;163276974.63;"2022-04-24T23:59:59.999Z"
"2022-04-23T00:00:00.000Z";"2022-04-23T23:59:59.999Z";"2022-04-23T16:49:00.000Z";"2022-04-23T04:30:00.000Z";"2781";406.9933589762;407.8970543365;399.2783976933;401.6524636979;1354484385.58;65580599125.29;163276974.63;"2022-04-23T23:59:59.999Z"
"2022-04-22T00:00:00.000Z";"2022-04-22T23:59:59.999Z";"2022-04-22T13:35:00.000Z";"2022-04-22T00:06:00.000Z";"2781";404.9669817395;413.2812469638;404.1090503462;406.9875172037;1895749713.25;66451690521.19;163276974.63;"2022-04-22T23:59:59.999Z"
"2022-04-21T00:00:00.000Z";"2022-04-21T23:59:59.999Z";"2022-04-21T11:41:00.000Z";"2022-04-21T22:35:00.000Z";"2781";418.3168515061;425.4741262061;402.0796752534;405.0214680756;2190281843.22;66130679967.59;163276974.63;"2022-04-21T23:59:59.999Z"
"2022-04-20T00:00:00.000Z";"2022-04-20T23:59:59.999Z";"2022-04-20T11:01:00.000Z";"2022-04-20T18:58:00.000Z";"2781";422.3642737403;430.9751717206;415.7283985814;418.3542435154;2035166767.2;68307615204.82;163276974.63;"2022-04-20T23:59:59.999Z"
"2022-04-19T00:00:00.000Z";"2022-04-19T23:59:59.999Z";"2022-04-19T08:40:00.000Z";"2022-04-19T03:00:00.000Z";"2781";417.0076601509;424.2740129998;415.0993975824;422.3870504492;1854452730.56;68966079720.24;163276974.63;"2022-04-19T23:59:59.999Z"
"2022-04-18T00:00:00.000Z";"2022-04-18T23:59:59.999Z";"2022-04-18T23:00:00.000Z";"2022-04-18T04:40:00.000Z";"2781";407.4329316632;417.9469514326;397.1496475934;416.9684166323;1925668121.55;68848474347.75;165116760.89;"2022-04-18T23:59:59.999Z"
"2022-04-17T00:00:00.000Z";"2022-04-17T23:59:59.999Z";"2022-04-17T01:48:00.000Z";"2022-04-17T23:49:00.000Z";"2781";417.4115328912;417.8806653269;406.168309877;407.3777174681;1088306780.24;67264889167.11;165116760.89;"2022-04-17T23:59:59.999Z"
"2022-04-16T00:00:00.000Z";"2022-04-16T23:59:59.999Z";"2022-04-16T01:49:00.000Z";"2022-04-16T15:40:00.000Z";"2781";417.2938804997;418.658603765;411.9129075578;417.4784425744;1022481381.57;68932688179.3;165116760.89;"2022-04-16T23:59:59.999Z"
"2022-04-15T00:00:00.000Z";"2022-04-15T23:59:59.999Z";"2022-04-15T17:10:00.000Z";"2022-04-15T01:40:00.000Z";"2781";414.6671117263;419.7969663864;413.2726102443;417.2937397904;1242920076.53;68902190653.88;165116760.89;"2022-04-15T23:59:59.999Z"
"2022-04-14T00:00:00.000Z";"2022-04-14T23:59:59.999Z";"2022-04-14T02:14:00.000Z";"2022-04-14T16:51:00.000Z";"2781";423.0670215565;426.8072167901;412.0471269134;414.6637354648;1615484732.13;68467932858.5;165116760.89;"2022-04-14T23:59:59.999Z"
"2022-04-13T00:00:00.000Z";"2022-04-13T23:59:59.999Z";"2022-04-13T22:52:00.000Z";"2022-04-13T01:30:00.000Z";"2781";413.8126654492;424.3359363864;411.0592698474;423.1301672242;1932053163.85;69865882646.91;165116760.89;"2022-04-13T23:59:59.999Z"
"2022-04-12T00:00:00.000Z";"2022-04-12T23:59:59.999Z";"2022-04-12T13:01:00.000Z";"2022-04-12T02:37:00.000Z";"2781";394.2887910774;416.6358164123;393.1668218487;413.873933926;2140526231.64;68337523386.66;165116760.89;"2022-04-12T23:59:59.999Z"
"2022-04-11T00:00:00.000Z";"2022-04-11T23:59:59.999Z";"2022-04-11T01:28:00.000Z";"2022-04-11T22:13:00.000Z";"2781";418.6584442643;419.4907897227;392.1099136041;394.0868837029;2192782724.18;65070349746.27;165116760.89;"2022-04-11T23:59:59.999Z"
"2022-04-10T00:00:00.000Z";"2022-04-10T23:59:59.999Z";"2022-04-10T20:32:00.000Z";"2022-04-10T23:59:00.000Z";"2781";427.1497599458;429.364091304;418.5906612879;418.5906612879;1410282902.58;69116334130.67;165116760.89;"2022-04-10T23:59:59.999Z"
"2022-04-09T00:00:00.000Z";"2022-04-09T23:59:59.999Z";"2022-04-09T11:22:00.000Z";"2022-04-09T02:59:00.000Z";"2781";421.665341119;428.0207918322;420.2725539235;427.1530540925;1399108285.55;70530128696.02;165116760.89;"2022-04-09T23:59:59.999Z"
"2022-04-08T00:00:00.000Z";"2022-04-08T23:59:59.999Z";"2022-04-08T02:52:00.000Z";"2022-04-08T23:13:00.000Z";"2781";436.9345033437;440.6429760684;419.4333000855;421.6772550305;1951923760.32;69625982491.63;165116760.89;"2022-04-08T23:59:59.999Z"
"2022-04-07T00:00:00.000Z";"2022-04-07T23:59:59.999Z";"2022-04-07T19:04:00.000Z";"2022-04-07T00:59:00.000Z";"2781";420.1826553008;438.2937119786;417.6010397573;436.7967836149;2125042415.22;72122470077.67;165116760.89;"2022-04-07T23:59:59.999Z"
"2022-04-06T00:00:00.000Z";"2022-04-06T23:59:59.999Z";"2022-04-06T00:01:00.000Z";"2022-04-06T17:13:00.000Z";"2781";445.0011199419;445.0276340575;418.8811342492;420.1463719428;2323241737.56;69373208034.88;165116760.89;"2022-04-06T23:59:59.999Z"
"2022-04-05T00:00:00.000Z";"2022-04-05T23:59:59.999Z";"2022-04-05T12:31:00.000Z";"2022-04-05T23:58:00.000Z";"2781";447.6300228014;459.805583028;445.0386012496;445.1726011505;2268650039.12;73505457938.94;165116760.89;"2022-04-05T23:59:59.999Z"
"2022-04-04T00:00:00.000Z";"2022-04-04T23:59:59.999Z";"2022-04-04T00:01:00.000Z";"2022-04-04T18:11:00.000Z";"2781";450.2645689984;450.4326049494;434.1780119104;447.5249282756;2248856402.78;73893866574.4;165116760.89;"2022-04-04T23:59:59.999Z"
"2022-04-03T00:00:00.000Z";"2022-04-03T23:59:59.999Z";"2022-04-03T22:43:00.000Z";"2022-04-03T01:40:00.000Z";"2781";436.8658080812;455.228451912;432.8217245857;450.348868814;2128734028.07;74360146489.05;165116760.89;"2022-04-03T23:59:59.999Z"
"2022-04-02T00:00:00.000Z";"2022-04-02T23:59:59.999Z";"2022-04-02T01:07:00.000Z";"2022-04-02T23:56:00.000Z";"2781";446.8442102684;453.5584803557;436.7766884137;436.9553419841;2272901728.55;72148650721.99;165116760.89;"2022-04-02T23:59:59.999Z"
"2022-04-01T00:00:00.000Z";"2022-04-01T23:59:59.999Z";"2022-04-01T20:13:00.000Z";"2022-04-01T02:58:00.000Z";"2781";429.1240316226;446.7965382289;414.749385039;446.604267132;2718206273.96;73741849988.5;165116760.89;"2022-04-01T23:59:59.999Z"
"2022-03-31T00:00:00.000Z";"2022-03-31T23:59:59.999Z";"2022-03-31T01:55:00.000Z";"2022-03-31T17:01:00.000Z";"2781";442.6588648046;451.9610860247;424.9502932625;428.916097119;2632534284.21;70821236649.88;165116760.89;"2022-03-31T23:59:59.999Z"
"2022-03-30T00:00:00.000Z";"2022-03-30T23:59:59.999Z";"2022-03-30T18:10:00.000Z";"2022-03-30T01:47:00.000Z";"2781";434.4297122577;448.9471774018;427.6920727302;442.6848405926;2181737151.4;73094686973.76;165116760.89;"2022-03-30T23:59:59.999Z"
"2022-03-29T00:00:00.000Z";"2022-03-29T23:59:59.999Z";"2022-03-29T12:22:00.000Z";"2022-03-29T00:00:00.000Z";"2781";430.0749009238;441.5075235048;430.0749009238;434.5056618133;1987696097.83;71744167466.98;165116760.89;"2022-03-29T23:59:59.999Z"
"2022-03-28T00:00:00.000Z";"2022-03-28T23:59:59.999Z";"2022-03-28T14:01:00.000Z";"2022-03-28T01:40:00.000Z";"2781";430.5468075837;440.7283843276;428.5652312417;430.3908800049;2128699499.79;71064748023.01;165116760.89;"2022-03-28T23:59:59.999Z"
"2022-03-27T00:00:00.000Z";"2022-03-27T23:59:59.999Z";"2022-03-27T22:37:00.000Z";"2022-03-27T13:04:00.000Z";"2781";415.9313664451;431.0255635905;412.3829102035;430.5032539737;1499505093.28;71083302848.75;165116760.89;"2022-03-27T23:59:59.999Z"
"2022-03-26T00:00:00.000Z";"2022-03-26T23:59:59.999Z";"2022-03-26T23:54:00.000Z";"2022-03-26T01:34:00.000Z";"2781";410.8162495891;416.3175327231;407.9812494112;415.9198144699;1082240527.28;68675332555.24;165116760.89;"2022-03-26T23:59:59.999Z"
"2022-03-25T00:00:00.000Z";"2022-03-25T23:59:59.999Z";"2022-03-25T12:46:00.000Z";"2022-03-25T17:13:00.000Z";"2781";414.1482405029;421.1537072149;406.2960601148;410.8111704862;1678265707.09;67831809808.11;165116760.89;"2022-03-25T23:59:59.999Z"
"2022-03-24T00:00:00.000Z";"2022-03-24T23:59:59.999Z";"2022-03-24T17:20:00.000Z";"2022-03-24T13:33:00.000Z";"2781";408.554270713;416.5053913516;406.0115735077;414.1269906394;1831451217.81;68379307291.51;165116760.89;"2022-03-24T23:59:59.999Z"
"2022-03-23T00:00:00.000Z";"2022-03-23T23:59:59.999Z";"2022-03-23T15:49:00.000Z";"2022-03-23T05:16:00.000Z";"2781";404.3272704675;411.0295664534;398.8558521763;408.609762484;1645651128.78;67468320449.4;165116760.89;"2022-03-23T23:59:59.999Z"
"2022-03-22T00:00:00.000Z";"2022-03-22T23:59:59.999Z";"2022-03-22T14:37:00.000Z";"2022-03-22T00:34:00.000Z";"2781";396.3555816315;409.6425474529;395.5757494559;404.3149371621;1795119554.32;66759172803.66;165116760.89;"2022-03-22T23:59:59.999Z"
"2022-03-21T00:00:00.000Z";"2022-03-21T23:59:59.999Z";"2022-03-21T15:40:00.000Z";"2022-03-21T02:41:00.000Z";"2781";390.7389426711;398.9617372816;386.561379611;396.447811123;1657341490.53;65460178434.57;165116760.89;"2022-03-21T23:59:59.999Z"
"2022-03-20T00:00:00.000Z";"2022-03-20T23:59:59.999Z";"2022-03-20T00:16:00.000Z";"2022-03-20T17:56:00.000Z";"2781";399.9197377158;400.6107071002;386.7667256282;390.7683769735;1334193470.7;64522408664.11;165116760.89;"2022-03-20T23:59:59.999Z"
"2022-03-19T00:00:00.000Z";"2022-03-19T23:59:59.999Z";"2022-03-19T13:29:00.000Z";"2022-03-19T08:09:00.000Z";"2781";397.56164574;406.0037189496;395.4148034296;399.8535607299;1532550953.5;66022524778.06;165116760.89;"2022-03-19T23:59:59.999Z"
"2022-03-18T00:00:00.000Z";"2022-03-18T23:59:59.999Z";"2022-03-18T20:04:00.000Z";"2022-03-18T03:46:00.000Z";"2781";391.7787848706;399.9235086984;384.2483266354;397.6455084003;1666543771.37;65657938329.52;165116760.89;"2022-03-18T23:59:59.999Z"
"2022-03-17T00:00:00.000Z";"2022-03-17T23:59:59.999Z";"2022-03-17T13:25:00.000Z";"2022-03-17T01:28:00.000Z";"2781";385.4595576644;392.8704283602;382.1614587574;391.8247472259;1635657390.26;64696833098.49;165116760.89;"2022-03-17T23:59:59.999Z"
"2022-03-16T00:00:00.000Z";"2022-03-16T23:59:59.999Z";"2022-03-16T21:10:00.000Z";"2022-03-16T04:25:00.000Z";"2781";371.5427845309;386.3632436146;368.4816525474;385.5282167213;1788844135.44;63657170376.73;165116760.89;"2022-03-16T23:59:59.999Z"
"2022-03-15T00:00:00.000Z";"2022-03-15T23:59:59.999Z";"2022-03-15T20:04:00.000Z";"2022-03-15T09:11:00.000Z";"2781";373.4724237023;374.3332921046;362.6847519859;371.6288545375;1360640456.32;61362152714.5;165116760.89;"2022-03-15T23:59:59.999Z"
"2022-03-14T00:00:00.000Z";"2022-03-14T23:59:59.999Z";"2022-03-14T23:28:00.000Z";"2022-03-14T00:15:00.000Z";"2781";361.8345348589;373.6095383203;360.301854991;373.4661517313;1455465549.76;61665521275.93;165116760.89;"2022-03-14T23:59:59.999Z"
"2022-03-13T00:00:00.000Z";"2022-03-13T23:59:59.999Z";"2022-03-13T04:37:00.000Z";"2022-03-13T23:04:00.000Z";"2781";372.6088988167;376.9283938399;361.1508878997;361.8498355006;1242011950.34;59747472766.45;165116760.89;"2022-03-13T23:59:59.999Z"
"2022-03-12T00:00:00.000Z";"2022-03-12T23:59:59.999Z";"2022-03-12T17:21:00.000Z";"2022-03-12T00:01:00.000Z";"2781";372.1861897529;379.1956472611;372.1268751185;372.730388846;1211417864.92;61544034491.52;165116760.89;"2022-03-12T23:59:59.999Z"
"2022-03-11T00:00:00.000Z";"2022-03-11T23:59:59.999Z";"2022-03-11T12:35:00.000Z";"2022-03-11T02:16:00.000Z";"2781";372.1961219702;379.5717080187;365.6082661486;372.1840407704;1550840417.78;61453823266.97;165116760.89;"2022-03-11T23:59:59.999Z"
"2022-03-10T00:00:00.000Z";"2022-03-10T23:59:59.999Z";"2022-03-10T01:28:00.000Z";"2022-03-10T16:10:00.000Z";"2781";393.4803694627;394.4041123041;364.0878930026;372.1590246349;2105808203.27;61449692683.7;165116760.89;"2022-03-10T23:59:59.999Z"
"2022-03-09T00:00:00.000Z";"2022-03-09T23:59:59.999Z";"2022-03-09T04:16:00.000Z";"2022-03-09T00:41:00.000Z";"2781";382.0426413168;402.0280782767;381.8405558379;393.5557417475;2425559107.62;64982649307.01;165116760.89;"2022-03-09T23:59:59.999Z"
"2022-03-08T00:00:00.000Z";"2022-03-08T23:59:59.999Z";"2022-03-08T10:55:00.000Z";"2022-03-08T06:37:00.000Z";"2781";381.2547569044;387.6298058915;377.7055677885;381.9585625325;1684540143.96;63067760639.57;165116760.89;"2022-03-08T23:59:59.999Z"
"2022-03-07T00:00:00.000Z";"2022-03-07T23:59:59.999Z";"2022-03-07T14:10:00.000Z";"2022-03-07T19:56:00.000Z";"2781";375.0716092339;384.4175688911;364.4313769291;381.3446218716;2058321705.46;62966388746.27;165116760.89;"2022-03-07T23:59:59.999Z"
"2022-03-06T00:00:00.000Z";"2022-03-06T23:59:59.999Z";"2022-03-06T01:01:00.000Z";"2022-03-06T11:07:00.000Z";"2781";384.9117900019;387.1640811093;373.0179540422;375.0111934656;1305295272.93;61920633562.54;165116760.89;"2022-03-06T23:59:59.999Z"
"2022-03-05T00:00:00.000Z";"2022-03-05T23:59:59.999Z";"2022-03-05T20:16:00.000Z";"2022-03-05T01:04:00.000Z";"2781";374.4416611561;386.8440587375;368.1757238237;384.8733628254;1321262776.38;63549043022.58;165116760.89;"2022-03-05T23:59:59.999Z"
"2022-03-04T00:00:00.000Z";"2022-03-04T23:59:59.999Z";"2022-03-04T00:06:00.000Z";"2022-03-04T22:32:00.000Z";"2781";402.5752088624;402.91672122;372.8684182444;374.280880686;1740563402.54;61800046681.94;165116760.89;"2022-03-04T23:59:59.999Z"
"2022-03-03T00:00:00.000Z";"2022-03-03T23:59:59.999Z";"2022-03-03T14:02:00.000Z";"2022-03-03T17:31:00.000Z";"2781";409.0327313483;412.8005880463;397.9063325634;402.5506778678;1598018507.19;66467864023.61;165116760.89;"2022-03-03T23:59:59.999Z"
"2022-03-02T00:00:00.000Z";"2022-03-02T23:59:59.999Z";"2022-03-02T04:07:00.000Z";"2022-03-02T00:37:00.000Z";"2781";408.5185382471;414.9128274676;404.5347931344;409.0003171959;2045870795.74;67532807578.37;165116760.89;"2022-03-02T23:59:59.999Z"
"2022-03-01T00:00:00.000Z";"2022-03-01T23:59:59.999Z";"2022-03-01T09:01:00.000Z";"2022-03-01T03:19:00.000Z";"2781";395.6241248129;418.4899636802;391.3292311067;408.4822944208;2885318335.51;67447273335.69;165116760.89;"2022-03-01T23:59:59.999Z"
"2022-02-28T00:00:00.000Z";"2022-02-28T23:59:59.999Z";"2022-02-28T22:52:00.000Z";"2022-02-28T00:37:00.000Z";"2781";360.3821624813;396.45732636;356.6175743701;395.6124151468;1868349380.22;65322240556.92;165116760.89;"2022-02-28T23:59:59.999Z"
"2022-02-27T00:00:00.000Z";"2022-02-27T23:59:59.999Z";"2022-02-27T13:01:00.000Z";"2022-02-27T23:28:00.000Z";"2781";373.5999763018;380.9590820109;359.6255088767;360.5310499337;1600855952.39;59529719165.32;165116760.89;"2022-02-27T23:59:59.999Z"
"2022-02-26T00:00:00.000Z";"2022-02-26T23:59:59.999Z";"2022-02-26T01:04:00.000Z";"2022-02-26T12:31:00.000Z";"2781";374.8885698072;385.2103127728;371.4750382946;373.6387501659;1319208550.94;61694020170.39;165116760.89;"2022-02-26T23:59:59.999Z"
"2022-02-25T00:00:00.000Z";"2022-02-25T23:59:59.999Z";"2022-02-25T23:37:00.000Z";"2022-02-25T09:31:00.000Z";"2781";361.2160077431;376.8026005039;357.3665386295;374.9149348203;1839035023.2;61904739646.81;165116760.89;"2022-02-25T23:59:59.999Z"